ID,SQ,SG,sex,group,BM,BH,SH,CA,dAPHV,APHV,0-10m,10-30m,0-30m,30-60m,0-60m,FOST,TH,CMJ,DJ,12MR,FJT,SUs,SUb
2,NK1,3,m,J,69.9,187.8,98.6,15.61,2.79,12.82,,,4.08,3.31,7.39,13.3,,52,2.48,,,,10
2,NK1,3,m,J,70.4,188,97.9,15.95,2.89,13.06,,,4.02,3.19,7.21,14.36,,52.5,2.34,,,,20
5,NK2,0,f,J,61.4,172,92,13.49,2.18,11.32,1.89,2.63,4.52,3.79,8.31,12.35,8.23,43.16,1.91,2280,14.25,,
5,NK2,0,f,J,64.9,175,91,15.47,3.33,12.14,1.73,2.41,4.14,3.52,7.66,12.67,9.61,48.7,2.48,2290,15.6,7,
6,LK,0,f,J,59.9,166,88,14.69,2.42,12.26,1.79,2.57,4.36,3.69,8.05,10.73,8.68,35.6,2.08,2360,15.4,7,
6,LK,0,f,J,51,162,84,13.71,1.5,12.21,1.67,2.47,4.14,3.54,7.68,11.7,9.88,44,1.96,2600,14.5,7,
7,LK,0,f,J,64.5,169,84,15.44,2.72,12.72,1.84,2.6,4.44,3.86,8.3,11.5,8.33,41.75,1.5,,14.41,,
7,LK,0,f,J,58,168,89,14.4,2.37,12.03,1.69,2.51,4.21,3.6,7.85,11.2,8.5,43.7,1.62,2650,15.05,12,5
7,LK,0,f,J,51.6,165,86,13.47,1.57,11.9,1.79,2.58,4.37,3.78,8.15,10.25,8.9,41.6,1.71,2050,14.6,,
9,LK,0,f,J,60,175,88,13.85,2.26,11.58,1.66,2.58,4.24,3.72,7.96,11.55,8.86,41.57,1.6,2100,14.9,8,
10,LK,0,f,J,51,167,88,15.48,2.83,12.65,1.9,2.46,4.36,3.55,7.91,,7.22,43.2,2.47,,,,
11,NK2,0,m,J,63,181,94,15.69,2.15,13.54,1.8,2.39,4.19,3.39,7.58,15.03,,52.25,1.85,2600,,,20
11,NK2,0,m,J,56,176,91,14.64,1.13,13.51,1.84,2.54,4.38,3.53,7.91,,,45.61,1.93,,,25,
12,LK,0,f,J,43.1,156,79,13.2,0.71,12.49,1.76,2.52,4.28,3.63,7.91,10.55,7.88,45.12,1.34,2010,14.7,,
12,LK,0,f,J,46.2,159.5,82,14.2,1.52,12.67,1.73,2.46,4.19,3.48,7.67,10.25,8.75,47.4,1.81,1520,15.05,17,2
12,LK,0,f,J,51.8,160,81,15.17,2.05,13.13,1.85,2.49,4.34,3.59,7.93,,8.83,44.77,1.67,,14.4,,
14,LK,0,m,J,55.2,176,90,13.75,0.54,13.21,1.92,2.59,4.51,3.75,8.26,10.8,8.75,41.4,1.2,2550,13.95,,
14,LK,0,m,J,61.5,183,95.5,14.74,1.81,12.93,1.69,2.49,4.18,3.53,7.71,14.2,9.43,44.8,2.07,2760,14.8,10,
14,LK,0,m,J,65.2,185,94,15.72,2.17,13.55,1.8,2.45,4.25,3.46,7.71,14.25,10.01,47.57,2.2,2600,,,
15,LK,0,f,J,61.4,175,88,13.29,1.97,11.32,1.9,2.71,4.61,4.03,8.64,12.95,8.35,41.12,1.51,2270,14.4,,
15,LK,0,f,J,64.8,175.5,89.5,14.29,2.63,11.66,1.76,2.66,4.42,3.94,8.36,12.95,8.35,39.4,2.02,2200,14.55,,
16,NK2,0,m,J,69.4,181,92,15.73,1.98,13.76,1.71,2.28,3.99,3.32,7.31,14.25,8.35,49.69,1.71,2800,17.4,,30
16,NK2,0,m,J,49.9,168.5,84.5,13.72,-0.18,13.91,1.71,2.59,4.3,3.72,8.02,12,8.65,37.6,1.43,2870,14.65,20,8
16,NK2,0,m,J,59,176,87,14.7,0.68,14.02,1.84,2.47,4.31,3.5,7.81,12.51,9.76,44.35,1.68,2905,16.64,,
17,LK,0,m,J,57,164.5,83,15.12,0.4,14.73,1.89,2.72,4.61,3.88,8.49,10.03,6.75,46.75,1.56,2150,15,,11
17,LK,0,m,J,50.1,157,79,14.09,-0.63,14.72,2.01,2.72,4.73,4,8.73,9.7,8.42,48.37,1.89,2520,14.03,,
19,LK,0,m,J,55.2,175.5,91.5,13.11,0.39,12.72,1.69,2.49,4.18,3.53,7.71,11.85,8.93,38,1.63,2810,14.6,8,
20,NK2,0,m,J,59,182,89,13.72,0.44,13.28,1.67,2.41,4.08,3.32,7.4,13.35,,,,,,12,2
21,NK2,0,m,J,74.7,190,95,15.26,2.16,13.1,1.73,2.26,3.99,3.35,7.34,16.2,8.3,44.66,1.73,2630,,21,
21,NK2,0,m,J,56.8,179,91.5,13.25,0.48,12.77,1.65,2.53,4.18,3.69,7.87,11.65,9,35.2,1.29,2565,15.4,12,
21,NK2,0,m,J,66.9,185,91,14.22,1.03,13.2,,,,,,12.6,10.45,42.78,1.08,,,,
22,LK,0,f,J,48,164,85,14.21,1.85,12.36,1.9,2.66,4.56,3.8,8.36,11,,42.23,1.64,2820,,17,
22,LK,0,f,J,58.2,166,87,16.37,3.25,13.12,1.88,2.62,4.5,3.71,8.21,12.8,8.65,41.8,1.85,2350,15.8,23,
22,LK,0,f,J,54.2,166,86,15.26,2.58,12.67,1.88,2.6,4.48,3.77,8.25,12.01,8.88,46.78,1.68,,,,
23,NK2,0,f,J,56.8,166.5,87,15.56,2.83,12.73,1.74,2.38,4.12,3.49,7.61,12.9,7.53,54.9,1.88,2450,16.6,7,
24,LK,0,f,J,58.6,163.5,88,14.64,2.31,12.33,1.8,2.53,4.33,3.74,8.07,11.28,8.51,39.8,2.54,2360,13.9,9,
25,LK,0,f,J,66.6,172,89,14.64,2.68,11.95,2.02,2.69,4.71,3.89,8.6,11.66,8.16,39.87,2.11,2480,14.12,,
25,LK,0,f,J,59.9,173,92,13.66,2.29,11.37,1.74,2.61,4.35,3.73,8.08,11.35,8.78,40.7,2.26,,14.35,15,
29,LK,0,f,J,67.3,179,78,14.9,2.43,12.47,1.82,2.67,4.49,3.89,8.38,10.8,8.28,38.95,1.43,2510,13.6,,
29,LK,0,f,J,64,177,91,14.04,2.61,11.43,1.78,2.64,4.42,3.79,8.21,12.25,9.02,35.9,1.67,2520,14.73,4,
31,LK,1,m,J,70,190,99,17.21,3.74,13.47,,,,3.12,,,9.22,,,,,,
31,LK,1,m,J,69,191,96.5,17.46,3.48,13.99,,,,,,15.53,11.94,54.7,,3380,,12,
36,LK,0,f,J,71,176,94,16.31,4,12.31,,,,3.57,,14.42,7.34,47.4,1.96,,16.08,18,
36,LK,0,f,J,75.7,176.5,95,16.56,4.21,12.35,,,,,,14.56,8.76,43.2,,,15.18,13,
37,LK,0,f,J,56,179.5,94,16.07,3.99,12.08,,,,3.44,,13.91,7.21,,1.89,2650,16.25,28,
37,LK,0,f,J,57.4,180.5,96,16.32,4.29,12.03,,,,,,14.34,9.37,45.9,,2620,15.9,19,
38,NK1,3,f,J,62.8,178.7,92.1,15.87,3.74,12.13,1.88,2.54,4.42,3.66,8.09,12.16,7.55,43.9,1.94,2600,17.52,13,
38,NK1,3,f,J,65.2,178.5,92,16.81,4.25,12.56,1.82,2.49,4.31,3.58,7.89,13.33,9.75,44.1,1.68,2560,17.05,15,
38,NK1,3,f,J,66.6,179.2,94,17.81,4.96,12.86,1.79,2.51,4.3,3.59,7.89,12.72,10.35,45.9,1.63,,17.42,10,
40,NK2,0,m,J,78.2,191.4,98,15.61,2.79,12.82,1.69,2.37,4.08,3.34,7.53,17.76,9.03,62.7,2.59,3150,18.61,9,
40,NK2,0,m,J,79.5,192,99,15.94,3.13,12.81,,,,,,16.25,10.79,61.9,,3080,18.25,12,
40,NK2,0,m,J,81,193,101,17.56,4.35,13.2,1.66,2.39,4.08,3.4,7.48,16.73,11.94,60.7,2.43,3070,20.02,12,
40,NK2,0,m,J,79.7,193,100,16.92,3.82,13.1,1.87,2.36,4.23,3.39,7.62,19.63,12.16,66.2,2.48,3000,19.7,15,
43,LK,0,f,J,68,174,93,15.91,3.65,12.26,,,,3.56,,14.13,7.37,52,2.55,,15.85,30,
43,LK,0,f,J,73.6,174,93,16.77,4.12,12.66,1.77,2.54,4.31,3.57,7.9,14.83,9.5,52.5,1.84,2520,15.75,20,
44,LK,0,m,J,75,183,97.5,16.7,3.33,13.36,,,,,,17.79,,71.2,2.71,,,26,
44,LK,0,m,J,77.6,184,99,17.56,4.07,13.49,1.68,2.14,3.82,3.04,6.89,17.43,11.43,71.7,2.48,2700,18.4,24,
45,LK,0,f,J,64,172,90,14.74,2.78,11.97,,,,,,12.44,,,,2550,,4,
45,LK,0,f,J,67.3,174,93,15.61,3.49,12.12,,,,,,12.83,,42.3,,2600,13.3,9,
45,LK,0,f,J,70.4,175,92,15.97,3.67,12.3,1.75,2.49,4.25,3.41,7.66,13.76,8.79,46,1.57,2600,15.43,7,
45,LK,0,f,J,71.1,175.5,94,16.61,4.14,12.47,1.78,2.49,4.27,3.5,7.77,13.98,9.02,49.7,1.45,,15.68,6,
49,NK2,0,f,J,56.9,180.5,90,15.64,3.55,12.09,1.83,2.47,4.31,3.55,7.86,11.83,9.25,43.2,1.39,2750,15.95,6,
49,NK2,0,f,J,62.7,182,92,16.64,4.29,12.34,1.71,2.48,4.19,3.48,7.67,12.12,9.46,44.1,1.7,2650,17.39,5,
49,NK2,0,f,J,58.4,181,91,16,3.83,12.16,1.81,2.51,4.33,3.54,7.87,11.5,9.68,45.1,1.5,2640,16.7,6,
51,NK2,0,m,J,83.3,188.1,96,16.41,3.03,13.38,1.768,2.404,4.172,3.303,7.475,16.13,,52.3,2.11,,19.14,,
53,NK1,3,f,J,61.2,180.5,92,15.63,3.66,11.97,1.83,2.5,4.33,3.57,7.9,14.03,,48.8,1.65,2400,16.8,15,
53,NK1,3,f,J,60.2,179.5,92,15.27,3.42,11.85,1.72,2.5,4.22,3.46,7.68,13.73,9.43,46.9,1.63,2300,16.3,13,
53,NK1,3,f,J,62.7,182,94,16.27,4.2,12.07,1.72,2.41,4.13,3.46,7.59,14.19,9.76,52.7,1.76,2380,17.37,14,
54,NK1,3,m,J,79,182,92,15.69,2.07,13.62,1.68,2.27,3.95,3.13,7.08,17.77,10.88,58.7,1.74,2850,18.3,17,
54,NK1,3,m,J,78.5,183.6,96,16.69,3.15,13.54,1.64,2.29,3.93,3.16,7.11,16.23,11.63,57.6,2.23,2670,18.97,16,
56,NK1,3,f,J,51,160,80,13.19,0.98,12.21,,,,3.36,,13.29,7.22,,,,15,6,
57,LK,0,m,J,75.7,189,96,14.76,2.04,12.72,1.69,2.35,4.04,3.36,7.41,15.96,9.78,50.6,1.51,2980,16.1,15,
57,LK,0,m,J,82.8,191.5,99,15.76,3.07,12.69,1.64,2.28,3.92,3.1,7.03,16.52,10.42,56.6,1.85,2670,17.31,16,
57,LK,0,m,J,80.9,190,98,15.12,2.56,12.56,1.69,2.3,3.99,3.21,7.2,16.77,10.7,56.6,1.88,3020,18.2,15,
58,NK2,0,f,J,43,165,83,13.66,1.43,12.22,,,,3.74,,9.25,6.55,,,,14.21,16,
58,NK2,0,f,J,48.2,169,85,14.6,2.24,12.36,1.86,2.56,4.42,3.68,8.1,11.44,9.08,41.5,1.22,2350,15.75,18,
58,NK2,0,f,J,50.4,171,86,14.96,2.58,12.39,1.83,2.53,4.36,3.64,8,12.42,9.56,44.1,1.53,2300,16.02,16,
58,NK2,0,f,J,50.8,172.4,89,15.6,3.15,12.45,1.8,2.57,4.38,3.79,8.17,12.23,9.79,45.1,1.84,2200,16.41,14,
59,LK,0,m,J,69.9,181.5,90,13.85,0.76,13.09,1.71,2.37,4.08,3.19,7.32,14.12,9.35,51.7,1.72,2600,16.25,16,
59,LK,0,m,J,73.1,183,95,14.85,1.95,12.9,1.62,2.24,3.89,3.08,6.97,15.53,9.99,62.8,1.99,2700,17.1,15,
59,LK,0,m,J,68.5,181,91,14.21,1.05,13.16,1.7,2.32,4.02,3.2,7.22,15.09,10.18,59.8,2.01,,16.75,16,
60,LK,0,f,J,56,164,85,12.76,1.17,11.59,,,,3.9,,8.69,6.12,,,,13.4,,
60,LK,0,f,J,63,170,91,13.74,2.22,11.52,1.95,2.67,4.65,3.85,8.55,9.77,6.38,,,2500,13.9,,
61,LK,0,m,J,54.5,162.5,85,13.43,-0.18,13.61,1.78,2.43,4.22,3.31,7.53,12.22,7.12,,,2900,14.1,23,
61,LK,0,m,J,60.6,165.2,88,14.07,0.57,13.5,1.76,2.36,4.12,3.3,7.43,11.82,9.79,49.7,2.76,2750,15.09,21,
62,LK,0,m,J,50,165,85,13.72,-0.11,13.83,2.01,2.59,4.6,3.67,8.27,11.8,,,,2850,,8,
62,LK,0,m,J,46.2,158,82,12.75,-0.95,13.69,,,,3.78,,10.59,6.31,,,,13,3,
63,LK,0,m,J,69,177,93.5,13.8,1.16,12.63,1.99,2.61,4.6,3.76,8.36,12.82,,,,3300,,4,
63,LK,0,m,J,57.5,172,88,12.82,-0.12,12.94,,,,3.72,,10.56,6.04,,,,,,
64,LK,0,f,J,42,160,81,12.2,0.38,11.82,,,,3.97,,9.68,6.06,,,,13.73,,
64,LK,0,f,J,45,165,86,13.18,1.33,11.84,1.94,2.67,4.62,3.79,8.41,9.09,6.48,,,2900,13.75,,
65,NK2,0,m,J,56.8,173,87,12.27,-0.51,12.78,,,,3.57,,9.99,6.57,,,,14.33,,
65,NK2,0,m,J,65,182,94,13.25,0.87,12.38,1.9,2.38,4.28,3.38,7.66,14.19,6.9,,,2800,14.35,1,
66,LK,0,m,J,66.8,180.5,89,13.87,0.61,13.26,1.72,2.4,4.15,3.3,7.47,12.04,7.37,,,2500,14.6,10,
66,LK,0,m,J,67.3,182.3,95,14.51,1.7,12.81,1.9,2.42,4.32,3.35,7.67,11.9,9.72,52.5,1.63,2300,,13,
67,LK,0,m,J,44.7,165,80,12.76,-1.21,13.97,,,,3.93,,9.23,6.43,,,,14.28,5,
67,LK,0,m,J,50,173,84.5,13.74,-0.19,13.93,1.99,2.65,4.64,3.77,8.46,10.58,7.44,,,2800,15.36,8,
68,LK,0,f,J,45,162,80,12.17,0.42,11.75,,,,3.85,,9.4,6.11,,,,13.77,,
68,LK,0,f,J,48,167,86,13.15,1.42,11.73,1.95,2.65,4.6,3.76,8.36,9.38,6.57,,,2940,14.2,,
68,NK2,0,f,J,49.4,167,85,13.47,1.56,11.91,1.85,2.62,4.48,3.61,8.09,10,6.71,,,3000,14.31,4,
69,NK2,0,m,J,57.1,174,86,13.89,0.15,13.74,1.71,2.48,4.24,3.42,7.66,13.23,7.16,,,3100,16,12,
69,NK2,0,m,J,61.7,175.8,89,14.52,0.89,13.63,1.64,2.33,4,3.29,7.32,13.6,10.69,47.7,1.69,3200,17.56,,19
70,LK,0,f,J,49,167,85,12.23,0.88,11.35,,,,3.97,,10.27,6.52,,,,13.81,12,
70,LK,0,f,J,54,171,91,13.21,1.87,11.33,1.91,2.67,4.58,3.83,8.41,11.04,6.97,,,2700,14.58,16,
71,LK,0,m,J,75.7,185,97,13.63,1.56,12.07,1.77,2.47,4.24,3.36,7.6,15.93,6.91,,,2950,14,11,
72,LK,0,m,J,57.1,172,89,13.23,0.2,13.03,1.69,2.36,4.05,3.21,7.27,13.3,6.82,,,2800,14.36,15,
73,LK,1,f,J,59.2,177,91,17.66,4.62,13.04,1.94,,,,8.44,10.62,8.36,39.37,1.74,2580,15.28,2,
73,LK,1,f,J,61.8,177.5,94,18.6,5.35,13.25,1.81,2.66,4.47,3.84,8.31,12.33,8.89,36.3,2.07,2630,15.73,,4
78,LK,0,f,J,39,155,79,14.9,1.51,13.39,,,,,,9.1,7.48,35.86,,2520,9.1,,1
78,LK,0,f,J,42.3,160,81,15.84,2.33,13.51,1.72,2.66,4.39,3.92,8.32,10.1,7.9,33,2.08,2560,14.15,4,20
79,LK,0,f,J,56.6,169,90,16.34,3.51,12.83,1.7,2.51,4.23,3.69,7.92,10.42,8.19,43.5,1.87,2350,14.1,14,
79,LK,0,f,J,51.5,166,88,15.4,2.75,12.65,,,,,,9.9,8.2,43.8,,,10,,3
80,NK1,3,m,J,72,179,96,16.66,3.08,13.57,,,,,,13.55,9.85,51.58,,2630,12.3,,8
80,NK1,3,m,J,74.5,181.5,98,18.6,4.49,14.11,1.6,2.2,3.8,3.04,6.84,13.74,10.93,59.19,2.15,2500,18.65,,20
81,NK1,3,m,J,74.5,184,98,15.58,2.76,12.82,,,,,,14.35,8.53,52.12,,,11.2,,13
81,NK1,3,m,J,81.4,185.5,100,16.52,3.66,12.86,1.55,2.31,3.86,3.3,7.18,14.45,8.93,53.6,2.01,2580,15.63,,21
84,NK1,3,m,J,63.2,188.8,96.6,15.8,2.54,13.27,1.54,2.39,4.01,3.32,7.39,13.75,9.83,48.77,2.24,,16.94,10,
84,NK1,3,m,J,69.9,192,99,17.72,4.01,13.71,1.59,2.37,3.97,3.28,7.25,14.26,11.68,48.58,2.95,2790,19.05,18,
86,LK,0,f,J,62.2,172,91,16.77,3.92,12.85,1.68,2.63,4.31,3.81,8.13,11.3,8.58,42.1,1.84,2470,15.15,,
86,LK,0,f,J,61.6,171,92,17.76,4.49,13.28,1.78,2.52,4.3,3.65,7.95,12.48,9.34,42.16,2.07,2590,15.65,10,
87,LK,0,f,J,63.7,170,86,15.06,2.66,12.4,1.68,2.45,4.14,3.55,7.7,12.51,9.69,46.8,1.82,2470,15,,5
87,LK,0,f,J,70.4,173,91.5,16.06,3.61,12.44,1.84,2.5,4.34,3.6,7.94,13.88,9.69,43.39,1.73,2380,15.4,3,
88,LK,0,f,J,62.5,165.5,85,15.21,2.53,12.67,1.69,2.52,4.21,3.68,7.89,12.04,7.64,41.7,1.54,2500,14.27,4,15
88,LK,0,f,J,60,163,83,14.26,1.86,12.41,,,,,,10.8,8.15,42.47,,2570,9.5,,2
88,LK,0,f,J,64,165.5,86.5,16.2,3.13,13.07,1.81,2.62,4.43,3.65,8.11,10.22,8.32,45.87,1.04,,14,3,20
89,LK,0,f,J,50.7,161.5,82,15.3,2.21,13.09,1.73,2.57,4.3,3.69,7.99,10.6,8.28,41.45,1.78,,13.05,1,12
89,LK,0,f,J,46.8,160,81,14.31,1.55,12.75,1.88,2.72,4.6,3.8,8.4,11.06,8.38,40.4,1.64,2910,13.5,22,
90,LK,0,f,J,46,162,85,13.92,1.61,12.31,,,,,,9.35,7.88,39.41,,2620,9.8,,4
90,LK,0,f,J,53.3,166.5,88,14.86,2.49,12.37,1.72,2.68,4.4,3.99,8.41,9.62,8.41,33.5,1.37,2420,13.6,10,
91,LK,0,f,J,62.6,171.5,87,15.68,3.09,12.59,1.7,2.48,4.18,3.51,7.69,12.71,9.5,46.5,2.09,2460,15.45,,
91,LK,0,f,J,63.1,170,86,16.68,3.5,13.18,1.68,2.45,4.13,3.49,7.62,12.59,10.03,42.91,2.03,2270,16,,
92,LK,0,f,J,45.4,161,84.5,13.96,1.56,12.39,1.78,2.64,4.42,3.68,8.1,9.61,7.9,37.5,1.35,2590,13.62,17,
92,LK,0,f,J,48.7,165,86,14.95,2.35,12.61,1.71,2.51,4.22,3.58,7.8,9.69,8.41,41.91,1.39,2575,14.6,2,16
93,NK1,3,f,J,48,163,84,14.38,1.86,12.52,,,,,,10.9,8.75,42.02,,2500,9.6,,8
93,NK1,3,f,J,50.6,165.5,86,16.31,3.12,13.2,1.64,2.58,4.26,3.76,8.02,11.31,9.45,49.93,1.73,,14.45,1,19
96,NK2,0,m,J,65.7,182,92,14.48,1.28,13.2,1.83,2.54,4.37,3.49,7.86,13.01,8.1,46.1,1.61,2450,15.65,28,
96,NK2,0,m,J,70.2,184,94.5,15.47,2.18,13.3,1.7,2.43,4.13,3.38,7.51,14.84,9.46,58.15,2.4,2755,16.75,,14
97,LK,0,f,J,67.2,176.5,93,15.24,3.37,11.87,1.8,2.64,4.44,3.82,8.27,11.32,8.78,41.5,1.84,2610,15.6,,
97,LK,0,f,J,69.1,178,93.5,16.24,4,12.24,1.93,2.7,4.64,3.83,8.47,11.25,9.26,40.54,1.93,2600,15.4,,
101,LK,0,f,J,60.6,170,89,13.57,2.01,11.56,1.77,2.59,4.37,3.78,8.15,10.61,8.35,31,1.57,2390,13.45,,8
101,LK,0,f,J,62.4,172,92,14.56,2.77,11.79,1.74,2.6,4.34,3.8,8.14,11.15,8.63,31.13,1.64,2320,14.27,8,
103,LK,0,f,J,64.2,184,90,13.66,2.58,11.09,1.87,2.92,4.79,4.32,9.11,10.62,6.51,27.3,1.18,2030,13.48,1,
103,LK,0,f,J,66.9,185,91,14.66,3.23,11.43,1.88,2.91,4.79,4.32,9.11,10.5,7.39,25.83,1.01,1750,13.96,,
104,NK1,3,f,J,61.55,179.5,94.9,15.55,3.74,11.81,,,4.26,3.51,7.77,14.85,,47.1,2.73,,,,10.5
104,NK1,3,f,J,60.8,179,93.5,15.9,3.84,12.05,,,4.29,3.55,7.84,14.12,,45.6,2.35,,,,18
105,LK,1,f,J,55.6,176,88,14.47,2.61,11.86,,,4.28,3.76,8.04,11.4,,,1.62,2250,15,,
105,LK,1,f,J,55.5,176.2,89.5,16.29,3.73,12.56,,,,3.66,,13,7.04,,1.55,,15.43,,
108,LK,1,m,J,59.8,179,94,15.43,1.98,13.45,,,3.98,3.35,7.33,11.76,,,1.86,2800,15.47,,
108,LK,1,m,J,56.7,176,92,14.45,1.17,13.28,,,4.13,3.49,7.62,11.2,,,1.68,2675,15.8,,
108,LK,1,m,J,62.3,178.9,95,16.27,2.6,13.67,,,,3.28,,12.76,8.01,,1.8,,16.43,24,
109,NK1,3,m,J,58.1,180,94,15.74,2.12,13.62,,,3.88,3.21,7.09,13.46,,,2.49,2750,15.99,,
109,NK1,3,m,J,60.4,182,96.5,16.58,2.95,13.63,,,,3.26,,14.23,8.19,,2.53,,17.55,7,
110,NK2,2,m,J,75.3,179.3,97.1,15.31,2.52,12.79,,,3.86,3.09,6.95,14.24,,56.2,1.8,,,,9
110,NK2,2,m,J,70.6,177,94,14.34,1.54,12.8,,,3.77,3.06,6.83,12.5,,,1.82,2792,17.08,,
111,LK,1,f,J,53,175,88,14.73,2.71,12.02,,,4.46,3.85,8.31,10.25,,,1.63,2525,14.31,,
111,LK,1,f,J,58.6,178,91,15.7,3.55,12.15,,,4.42,3.79,8.21,10.54,,,1.61,2425,14.6,,
112,NK1,3,m,J,84.2,183,95,14.34,1.81,12.52,,,3.66,3.05,6.71,16.3,,,1.95,2632,18.13,,
112,NK1,3,m,J,85.3,185,96,15.31,2.48,12.84,,,3.71,3.02,6.73,15.96,,,1.9,2600,18.46,,
112,NK1,3,m,J,89.4,186,99,16.15,3.4,12.75,,,,3.12,,18.07,8.74,,1.91,,18.77,8,
113,LK,1,f,J,62.1,181,96,14.5,3.25,11.25,,,4.21,3.57,7.78,9.62,,,1.52,2575,14.71,,
113,LK,1,f,J,63.7,180.5,97,15.34,3.77,11.56,,,,,7.86,11.87,6.72,,1.61,,15.08,,
119,NK1,3,m,J,67,186.8,97.4,16.67,3.18,13.49,1.798,2.405,4.203,3.362,7.565,12.25,,54.9,2.74,,18.59,,
119,NK1,3,m,J,58.8,181,91.5,14.99,1.39,13.6,1.78,2.6,4.38,2.93,7.31,10.65,9.43,45.2,1.81,2440,15.56,7,
123,LK,0,f,J,56.3,166.8,82.5,15.13,2.36,12.77,1.93,2.79,4.72,4.09,8.81,10.82,8.42,31.1,1.4,2630,14.57,,9
123,LK,0,f,J,63.4,158.5,84.5,14.58,1.99,12.59,1.8,2.59,4.39,3.72,8.11,12.65,9.03,37.5,1.69,2810,15.57,6,
123,LK,0,f,J,61.8,167,85,14.16,2.04,12.12,1.72,2.57,4.29,3.69,8.01,11.62,9.42,36.8,1.14,2930,15.6,,10
124,NK2,0,m,J,72.2,179.2,91.3,16.54,2.34,14.2,1.605,2.19,3.803,2.976,6.779,15.91,,52.4,1.67,,18.81,,
124,NK2,0,m,J,65.7,178.5,88,15.44,1.24,14.19,1.68,2.25,3.93,3.05,6.98,13.53,10.41,48.7,1.08,2890,17.88,,11
124,NK2,0,m,J,68.8,178.5,90.5,15.86,1.84,14.02,1.65,2.2,3.85,3.1,6.95,13.4,10.74,55.9,1.72,2950,17.99,8,
125,NK2,0,f,J,50.6,167,85.5,14.16,1.97,12.19,1.77,2.52,4.3,3.65,7.95,10.83,8.98,42.7,1.62,2540,16.06,4,
125,NK2,0,f,J,54.6,169.5,86,15.17,2.66,12.51,1.68,2.48,4.16,3.6,7.8,12.51,9.25,41.7,2.09,2580,16.14,3,6
126,LK,0,f,J,60.9,173.5,84.5,14.28,2.27,12.01,1.75,2.71,4.46,3.92,8.38,11.09,7.72,36.4,1.19,2910,13.15,8,
126,LK,0,f,J,61.3,174.5,85.5,14.83,2.65,12.18,1.89,2.67,4.56,3.92,8.48,11.06,8.13,35.1,1.03,2610,13.6,,16
127,NK2,0,f,J,60.5,164.3,90.1,15.45,2.88,12.57,1.84,2.501,4.34,3.517,7.858,12.12,,46.2,2.15,,16.68,,10
127,NK2,0,f,J,60.6,164,87,15.35,2.65,12.69,1.86,2.49,4.36,3.58,7.96,12.12,9.09,43.8,1.78,2410,16.03,,10
127,NK2,0,f,J,61.4,162.5,88,14.79,2.38,12.41,1.78,2.52,4.31,3.53,7.86,11.72,9.36,47.4,1.94,2550,15.9,5,
128,LK,0,f,J,55.4,176,91,15.19,3.18,12.01,1.69,2.57,4.26,3.62,7.88,13.02,8.46,43.3,1.43,2465,14.88,5,
128,LK,0,f,J,61.4,177,93,16.19,3.91,12.28,1.66,2.51,4.17,3.57,7.75,14.2,8.56,42.2,1.42,2560,15.43,5,
132,LK,0,m,J,52,166,83,13.95,-0.22,14.17,1.59,2.35,3.95,3.41,7.36,11.51,8.74,54.2,1.64,2610,15.4,,13
132,LK,0,m,J,56.2,167,84.5,14.37,0.21,14.16,1.65,2.37,4.02,3.39,7.41,12.38,8.88,56.5,1.94,2870,15.73,16,
132,LK,0,m,J,58.9,169,82,14.93,0.17,14.76,1.71,2.32,4.04,3.26,7.3,11.08,8.94,56,1.87,2750,16.03,,17
134,NK1,3,m,J,74.6,187,91.5,15.93,2.03,13.9,,,3.97,3.11,7.08,15.15,,50.8,2.32,,,,7
134,NK1,3,m,J,71.45,186.7,92.4,15.59,1.95,13.64,,,4.05,3.2,7.25,13.96,,50.1,2.36,,,,
137,LK,0,f,J,52.3,168.5,83.5,13.54,1.6,11.94,1.88,2.57,4.48,3.88,8.38,9.76,7.18,41.2,1.47,,13.44,,
137,LK,0,f,J,54.8,172,86,14.56,2.41,12.15,1.83,2.71,4.54,3.96,8.5,9.6,7.55,37.8,1.36,2290,13.22,3,
138,LK,0,f,J,81.8,190,100,16.53,4.96,11.57,1.87,2.64,4.54,3.93,8.47,11.76,6.87,36.3,1.1,2410,13.09,8,
138,LK,0,f,J,81.7,189,100,17.49,5.47,12.02,1.86,2.61,4.48,3.83,8.31,10.84,6.98,35.3,1.12,2300,14.02,8,
139,NK1,3,f,J,54.5,172.2,88.1,15.18,2.87,12.3,1.84,2.55,4.41,3.54,7.95,10.65,,45,1.75,,15.2,,
139,NK1,3,f,J,54,171,85,14.22,2.14,12.08,1.77,2.56,4.33,3.64,7.97,10.75,8.56,36.5,1.48,,14.16,,
141,LK,0,m,J,52.6,164,87,13.62,0.12,13.5,1.72,2.54,4.27,3.62,7.89,10.11,8.96,44.9,1.25,,13.88,,
141,LK,0,m,J,61.3,169,88,14.93,0.99,13.93,1.79,2.42,4.21,3.39,7.6,12.41,9.11,45.8,1.76,3270,15.84,17,10
142,LK,0,f,J,60.8,170,88,14.35,2.38,11.97,1.87,2.73,4.6,4.07,8.67,11.9,7.48,37.2,1.54,2480,13.9,2,
142,LK,0,f,J,60.9,169,90,13.34,1.9,11.43,1.87,2.56,4.44,3.82,8.26,10.3,7.98,41.2,1.7,,14.02,,
142,LK,0,f,J,64.2,172,91.5,16.27,3.68,12.59,1.83,2.72,4.55,4.04,8.6,11.7,8.22,33.4,1.39,2600,14.55,5,
142,LK,0,f,J,55.4,171,91,14.64,2.69,11.95,1.77,2.64,4.41,3.78,8.19,11.95,8.82,44,1.73,2650,14.65,5,
143,NK1,3,f,J,44.1,162,81,13.66,1.25,12.41,1.91,2.56,4.47,3.74,8.21,8.5,7.46,35.7,1.31,,13.23,,
144,LK,0,m,J,63.1,177,89,14.89,1.09,13.8,,,,,,12.8,9.24,46.5,1.42,,15.22,7,
144,LK,0,m,J,65.4,180,92,15.18,1.64,13.53,1.68,2.34,4.08,3.32,7.41,14.97,10.06,55.4,1.83,2925,17.32,13,
144,LK,0,m,J,64.7,180,92,16.81,2.48,14.33,1.59,2.32,3.91,3.32,7.23,13.28,10.24,54.9,1.95,2775,17.37,12,
148,LK,0,m,J,90,192,95,15.66,2.54,13.12,,,,,,16.87,9.82,52,1.2,2340,16.67,9,
148,LK,0,m,J,100.6,195.5,99,17.58,4.27,13.31,,,,,,19.7,11.21,61.4,1.93,,19.56,,9
150,NK2,0,f,J,49.4,160.5,80,14.68,1.74,12.94,1.8,2.69,4.5,3.92,8.42,11.05,9.04,46.8,1.5,2500,15.5,12,
150,NK2,0,f,J,47.8,160,80,13.72,1.21,12.51,1.76,2.59,4.35,3.73,8.08,9.75,9.54,47.6,1.86,2780,15.16,15,
151,LK,0,m,J,77.7,195,98,15.52,2.73,12.8,1.64,2.34,3.98,3.29,7.31,15.94,10.35,61.6,2.14,2600,18.38,8,
151,LK,0,m,J,81,195,100,16.48,3.58,12.9,1.61,2.26,3.87,3.25,7.13,15.25,10.77,61.1,2.06,2415,18.96,25,1
152,LK,0,f,J,53.4,172,88,16.9,3.81,13.08,1.8,2.62,4.42,3.92,8.34,11.22,8.5,38.2,1.52,,15.45,1,
152,LK,0,f,J,53.9,172,88,17.85,4.34,13.51,1.77,2.64,4.43,3.83,8.29,12.7,9.2,39.1,1.69,,15.56,,
155,NK2,0,m,J,68.2,199.5,97.1,15.83,2.64,13.19,1.44,2.5,4.47,3.62,8.14,13.65,10.06,47.3,1.79,2800,17.68,14,
155,NK2,0,m,J,61,192,93,14.7,1.43,13.27,2.1,2.62,4.72,3.78,8.5,,10.07,41.4,1.61,3000,16.25,8,
156,NK1,3,m,J,67.3,187,97,15.25,2.35,12.91,1.77,2.46,4.23,3.55,7.78,13.15,7.95,47.3,2.11,3160,18.05,,25
156,NK1,3,m,J,62,180,93,14.19,1.21,12.97,1.88,2.74,4.63,3.86,8.53,11.03,9.75,47.4,1.64,2890,16.4,20,
157,LK,0,f,J,54.5,165,87,14.6,2.25,12.35,1.91,2.57,4.48,3.63,8.11,10.73,8.58,39.7,1.42,2370,13.8,8,
166,NK2,0,m,J,66.2,182,95.5,14.18,1.56,12.61,1.81,2.37,4.19,3.32,7.52,13.74,9.43,46.2,1.69,3050,15.95,5,
170,LK,1,m,J,68,174,90,17.52,2.64,14.88,1.6,2.25,3.85,3.07,6.92,14.34,10.88,56.8,2.12,2950,18.5,,10.5
170,LK,1,m,J,68.3,175,94,18.52,3.79,14.73,1.51,2.25,3.76,3.05,6.81,14.07,11.1,57,1.98,2900,17.9,12,
172,NK2,0,m,J,78.2,198,95,15.69,2.39,13.3,,,,,,,,67.7,2.45,,,,
172,NK2,0,m,J,85.8,198,102,16.69,4.03,12.66,1.58,2.35,3.93,3.27,7.2,16.3,11.5,63.2,2.24,2750,,8,
174,LK,1,f,J,57.8,168,88,18.68,4.62,14.07,1.9,2.62,4.54,3.77,8.31,13.19,9.05,39.8,2.27,2110,16.68,25,
174,LK,1,f,J,66.7,168,91,17.61,4.22,13.39,1.76,2.62,4.38,3.77,8.15,15,10.2,42.2,2.56,,15.65,21,
175,LK,1,f,J,65.2,169,87,18.15,4.29,13.86,1.85,2.5,4.38,3.61,7.99,14.45,9.82,44,1.49,2150,17.24,28,
175,LK,1,f,J,60.6,169,89,17.08,3.85,13.22,1.69,2.53,4.22,3.47,7.69,12.89,10.4,46.2,1.65,2580,16.75,17,
176,LK,0,f,J,53.1,163,88,16.95,3.49,13.46,1.8,2.38,4.19,4.13,8.75,9.86,7.3,35,1.33,2605,14.36,25,9
176,LK,0,f,J,48,164,89,17.91,4.11,13.8,1.89,2.77,4.67,4.01,8.68,9.58,8.32,40.5,1.83,2830,14.3,25,
177,LK,1,f,J,59,178,90,17.74,4.64,13.1,1.82,2.66,4.49,3.85,8.36,12.99,8.61,45.5,1.42,2330,15.881,,13.5
177,LK,1,f,J,59.9,177,95,18.73,5.48,13.25,1.83,2.54,4.37,3.58,7.95,13.97,10.43,48.2,1.57,2850,16.9,23,
179,NK1,3,f,J,41.7,158.6,85,15.52,2.32,13.2,,,,,,9.18,6.46,42,,,13.85,27,
179,NK1,3,f,J,33.1,157,84,16.5,2.69,13.8,1.75,2.67,4.43,3.83,8.26,10.26,9.09,41.2,1.91,2500,15.1,6,20
181,LK,0,f,J,47.75,169,85,14.98,2.45,12.54,1.71,2.57,4.28,3.74,8.02,10.5,7.81,39.7,1.5,2425,14.23,,7.5
181,LK,0,f,J,52.3,171,94,15.98,3.6,12.38,1.76,2.63,4.39,3.79,8.18,11.18,8.55,38.2,1.63,2410,,9,
182,NK2,0,f,J,56.4,175.7,92,15.64,3.48,12.16,1.68,2.53,4.21,3.59,7.8,11.65,8.92,45.3,1.61,2400,16.1,5,
182,NK2,0,f,J,60,176,91,18.65,5.13,13.52,1.8,2.47,4.33,3.44,7.79,13,9.75,44.1,1.45,2375,17.92,14,
182,NK2,0,f,J,58.6,177,94,16.62,4.21,12.41,1.75,2.43,4.19,3.39,7.58,13.19,10.2,48.8,1.35,2410,16.65,15,
184,LK,1,f,J,55,174,90,16.24,3.64,12.6,1.71,2.6,4.31,3.65,7.96,11.46,8,36.1,1.69,2290,14.8,,
184,LK,1,f,J,58.1,175,95,17.24,4.55,12.69,1.71,2.59,4.3,3.68,7.98,11.71,9.25,40.2,1.95,2235,14.9,3,
188,NK1,3,f,J,54.25,169,90,14.95,2.73,12.22,1.94,2.59,4.55,3.67,8.22,11.34,8.2,40,1.56,2130,14.86,,2.5
188,NK1,3,f,J,58.3,170,92,15.95,3.45,12.5,1.83,2.54,4.37,3.6,7.97,11.71,9.13,41.1,1.95,,15.05,11,
190,LK,1,m,J,70.2,186,95,16.41,2.74,13.67,1.74,2.3,4.05,3.2,7.25,15.03,10.27,56.2,2.12,,17.2,,5
190,LK,1,m,J,70.3,185,98,17.41,3.74,13.67,1.71,2.32,4.06,3.24,7.3,13.58,11.5,64.1,1.82,2250,18,9,
191,LK,0,f,J,58.6,169,90.5,17.13,3.97,13.16,1.78,2.49,4.31,3.54,7.85,11.25,8,48.5,1.77,2075,15.44,17,
192,LK,1,f,J,66.6,170,88,18.1,4.36,13.74,1.76,2.61,4.4,3.83,8.23,13.32,9.05,45.5,1.71,1600,16.03,17,
192,LK,1,f,J,62.2,169,89,17.03,3.83,13.2,1.73,2.63,4.36,3.76,8.12,13.67,10.03,45.6,1.63,2650,15.2,13,
193,LK,0,f,J,54.5,175,90,14.06,2.44,11.62,1.85,2.68,4.53,3.81,8.35,10.68,8.74,45.8,1.54,2550,15.7,8,
193,LK,0,f,J,63,179,97,16.11,4.16,11.95,2,2.75,4.75,3.92,8.68,12.24,8.76,42.8,1.38,2430,15.7,8,
193,LK,0,f,J,58.6,178,94.5,15.15,3.43,11.72,1.82,2.64,4.51,3.78,8.31,11.94,9.16,45.6,1.56,2450,15.57,15,
193,LK,0,f,J,60.1,179,95,15.46,3.67,11.78,1.93,2.68,4.63,3.81,8.48,11.66,9.27,43.1,1.37,2500,15.98,20,
194,NK1,3,f,J,61,177,92,16.41,3.97,12.44,,,,,,13.9,8.99,47.6,1.74,,15.7,8,
194,NK1,3,f,J,59.2,177,93,15.45,3.49,11.97,1.67,2.45,4.12,3.37,7.49,13.53,9.2,46.4,1.78,2200,15.2,5,
197,LK,0,m,J,49.5,166,82,14.2,-0.27,14.47,1.77,2.56,4.36,3.63,7.99,10.36,9.18,45.8,2.02,2600,16.56,9,
197,LK,0,m,J,61.2,176,88,15.29,1.13,14.16,1.84,2.43,4.27,3.49,7.76,12.22,9.44,43.3,1.82,2280,16.87,7,
199,LK,0,f,J,62.2,175,88,14.28,2.51,11.77,1.83,2.6,4.43,3.6,8.03,10.76,7.54,35.9,1.25,2790,13.86,2,
200,NK1,3,f,J,55.8,169,86,14.74,2.41,12.32,1.74,2.66,4.4,3.73,8.13,12.34,8.67,42.8,1.14,2500,15.37,2,
200,NK1,3,f,J,60.3,173,89.5,15.82,3.36,12.47,1.69,2.54,4.23,3.62,7.87,12.99,9.19,48.3,1.57,2500,15.62,10,
200,NK1,3,f,J,60.1,174,89,16.13,3.53,12.6,1.82,2.57,4.41,3.65,8.06,13.43,9.35,47.9,1.74,2450,16.32,13,
201,LK,0,f,J,68.1,178,91,16,3.73,12.27,1.86,2.67,4.56,3.9,8.47,11.93,7.51,33,0.9,2200,14.58,12,
201,LK,0,f,J,66,178,93,16.96,4.37,12.58,1.87,2.67,4.54,3.85,8.42,12.7,8.05,40.2,1.39,2020,12.7,6,
202,LK,0,f,J,56,166,90,14.34,2.31,12.03,,,,,,10.61,7.25,36.5,1.21,2500,13.12,6,
203,LK,0,m,J,54.3,179,97,15.05,2.1,12.95,1.71,2.66,4.37,3.86,8.32,10.28,9.97,44,1.94,2780,16.2,13,
203,LK,0,m,J,64.8,185,100,16.12,3.22,12.9,1.72,2.52,4.24,3.59,7.84,13.4,10.34,49.4,1.99,2200,18.42,13,
203,LK,0,m,J,69,187,102,17.08,4.12,12.97,1.8,2.52,4.32,3.5,7.82,12.85,11.11,53.4,2.4,3050,19,20,
204,LK,0,m,J,51.6,179,87,14.33,0.39,13.93,1.73,2.65,4.38,3.66,8.04,10.54,8.82,44.7,1.16,3160,16.17,1,
204,LK,0,m,J,60.5,187,91.5,15.42,1.6,13.81,1.79,2.56,4.41,3.59,8.01,12.32,9.82,44.9,1.35,2525,17.45,5,
204,LK,0,m,J,62.5,189,94,15.72,2.12,13.6,1.82,2.51,4.34,3.51,7.85,11.92,10.7,47.1,1.66,2825,18.43,10,
204,LK,0,m,J,65,192,93,16.38,2.33,14.05,1.81,2.42,4.23,3.43,7.66,13.7,11.3,55,2.06,2375,20.03,7,
205,NK2,0,m,J,53,175,88,14.18,0.48,13.69,1.68,2.36,4.04,3.33,7.37,10.05,9.95,52.4,1.75,2930,17.8,7,
205,NK2,0,m,J,61.3,181,93,15.27,1.77,13.5,1.73,2.27,4,3.21,7.25,13.17,10.2,58.4,1.91,1900,18.15,16,
205,NK2,0,m,J,63,182,95,16.22,2.57,13.65,1.7,2.34,4.04,3.26,7.3,13.75,11.05,64.4,2.23,,18.7,17,
206,LK,0,f,J,55.5,174,91.5,16.43,3.84,12.59,1.82,2.63,4.45,3.77,8.23,11.59,8.41,44.7,2.12,,14.7,26,
206,LK,0,f,J,53.1,174,93,15.35,3.3,12.06,1.69,2.63,4.34,3.77,8.13,11.08,9.65,45.8,2.03,1800,15.6,30,
208,NK2,0,m,J,68.4,177,92,16.52,2.4,14.12,1.72,2.31,4.04,3.24,7.28,14.77,10.71,58.2,2.15,1900,18.2,24,
208,NK2,0,m,J,72,178,94,17.48,3.24,14.24,1.7,2.29,3.99,3.22,7.22,14.55,10.89,59.6,2.49,2100,19.92,,13
208,NK2,0,m,J,62.3,176.2,91.3,15.54,1.72,13.82,1.63,2.339,3.99,3.33,7.32,13.73,11.11,54.2,2.06,2200,17.99,13,
209,LK,0,f,J,54.4,168,88,14.23,2.2,12.03,1.73,2.77,4.52,3.93,8.45,11.9,7.25,44.1,1.81,2740,13.97,13,
210,NK2,0,f,J,51.4,171,84,13.55,1.7,11.85,1.85,2.66,4.51,3.73,8.24,9.21,7.05,36,1.1,2180,13.9,13,
210,NK2,0,f,J,58,176,92,15.6,3.47,12.13,1.92,2.63,4.55,3.64,8.19,11.88,8.6,37.1,2.09,2010,15.12,15,
211,LK,0,f,J,54.2,176,86,13.98,2.23,11.76,1.96,2.86,4.82,4.09,8.91,9.98,6.59,32.5,0.96,2300,13.09,2,
211,LK,0,f,J,59.7,181,94,15.38,3.65,11.73,1.91,2.75,4.66,4.03,8.69,11.22,7.04,36.3,1.13,2380,13.84,11,
211,LK,0,f,J,57.9,180,93,15.07,3.38,11.7,1.9,2.86,4.76,4.09,8.85,11.28,7.07,29.8,0.91,2300,13.95,10,
211,LK,0,f,J,64,182,95,16.03,4.12,11.91,2.09,2.81,4.9,4.01,8.91,11.15,7.65,36.1,1.05,2270,14.6,6,
212,LK,0,m,J,80,194,103,17.8,4.78,13.01,1.67,2.32,3.99,3.13,7.12,15.3,10.14,50.2,1.75,2600,18.1,17,
213,LK,0,m,J,58.4,168,88,13.91,0.45,13.46,1.7,2.46,4.16,3.51,7.68,11.66,7.16,45,1.09,3070,13.54,13,
214,NK1,3,m,J,54.3,173,85,13.34,-0.26,13.6,1.72,2.57,4.35,3.67,8.02,10.24,8.88,40.7,1.52,2580,14.34,7,
214,NK1,3,m,J,70.4,183,95,14.74,1.86,12.88,1.68,2.35,4.04,3.27,7.34,14.12,10,51.8,1.85,2420,17.58,10,
214,NK1,3,m,J,72,184,95,15.39,2.22,13.17,1.67,2.27,3.95,3.12,7.07,14.76,10.96,58.2,2.35,2650,18.33,9,
215,LK,0,f,J,57.2,171,89,15.4,3.01,12.39,1.86,2.83,4.69,3.98,8.67,11.1,6.96,31.6,1.35,2300,13.8,9,
215,LK,0,f,J,62,171,91,16.36,3.66,12.7,1.98,2.72,4.72,3.95,8.68,11.15,7.92,36.7,1.52,1960,13.8,8,
217,LK,0,f,J,49.4,169,87,14.38,2.23,12.15,1.81,2.65,4.49,3.83,8.32,10.68,7.73,40.5,1.24,2500,13.49,10,
217,LK,0,f,J,53,170,89,15.47,3,12.47,1.82,2.59,4.46,3.69,8.15,11.34,8.68,40.7,1.45,,15.07,3,
219,LK,0,f,J,49.2,165,87,14.16,1.97,12.19,1.83,2.71,4.54,3.93,8.48,9.08,7.55,32.8,1.06,2760,13.37,14,
220,LK,0,m,J,52.6,175,86,13.78,0.04,13.74,1.65,2.45,4.1,3.45,7.56,11.27,8.52,42,1.43,2680,15.02,8,
220,LK,0,m,J,61.6,181,92,14.87,1.43,13.44,1.76,2.43,4.19,3.35,7.54,13.25,9.42,47.9,1.5,2400,16.87,10,
221,LK,0,m,J,65.5,174,92,14.69,1.42,13.27,1.65,2.44,4.09,3.39,7.48,10.82,9.14,53.7,2.16,2750,15.47,12,
224,NK1,3,m,J,77.55,179.7,94.8,15.67,2.44,13.23,,,4.18,3.21,7.39,16.22,,50.1,2.05,,,,21
224,NK1,3,m,J,73.9,179.6,93.7,16.01,2.42,13.58,,,4.08,3.26,7.34,14.28,,53.9,1.99,,,,27
225,LK,1,m,J,69,193,101,15.59,3.08,12.52,1.67,2.4,4.07,3.31,7.38,14.25,8,46.4,1.69,,17.56,,
225,LK,1,m,J,75.8,197,102,16.59,3.86,12.73,1.57,2.36,3.94,3.25,7.19,14.6,9.98,51.3,1.9,3150,17.8,,7
227,NK2,0,f,J,55,177,93,13.38,2.27,11.11,1.82,2.61,4.43,3.8,8.23,10.29,6.41,35.6,1.58,,14.64,,
227,NK2,0,f,J,59.4,181,94.3,15.51,3.74,11.77,1.86,2.61,4.49,3.72,8.21,13.06,7.85,36.3,1.88,,14.8,,7
227,NK2,0,f,J,57,180,93,14.38,2.97,11.41,1.88,2.7,4.66,3.93,8.6,8.55,8.47,33.2,1.53,2360,14.2,,3
228,NK1,3,f,J,55,176,88,14.66,2.72,11.94,1.66,2.54,4.24,3.74,7.98,12.32,7.06,41.3,1.75,,15.81,,
228,NK1,3,f,J,59.3,179.5,89,15.72,3.5,12.21,1.66,2.54,4.21,3.64,7.87,14.19,9.55,45.6,2.06,2480,17.77,11,
229,LK,0,f,J,59,178,94,14.56,3.06,11.5,1.76,2.67,4.43,3.9,8.33,10.53,6.39,36.2,1.33,,13.6,,
229,LK,0,f,J,63.4,179,94,15.56,3.68,11.88,1.75,2.73,4.48,3.99,8.47,12.05,8.4,36.6,1.72,2060,14.5,,
230,NK1,3,m,J,60,177,89,14.13,0.67,13.46,1.57,2.33,3.9,3.28,7.18,13.03,7.15,52.9,2.19,,15.75,,
230,NK1,3,m,J,63.6,178.2,91.4,15.19,1.56,13.63,1.44,2.04,3.65,3.13,6.78,13.49,10.33,57.5,1.94,2850,16.87,9,
232,LK,0,f,J,57.9,169,90,14.03,2.25,11.78,1.74,2.53,4.27,3.7,7.97,10.43,9.08,41.3,2.17,2400,15.86,,13
232,LK,0,f,J,62.2,172,93,15.03,3.08,11.95,1.74,2.54,4.28,3.69,7.97,12.44,9.56,45.9,2.63,,14.65,,15.5
234,LK,0,f,J,53.6,180,93,14.41,2.97,11.44,1.86,2.69,4.55,3.91,8.46,8.28,7.94,40.2,1.79,,13.9,,1
234,LK,0,f,J,61,182,95,15.46,3.79,11.67,1.82,2.74,4.57,3.91,8.48,10.24,8.28,37.2,1.62,2350,13.56,,2
235,LK,0,m,J,54,176,91,14.09,0.82,13.27,1.72,2.53,4.25,3.57,7.82,11.05,8.18,41.8,1.73,2720,15.48,,20
235,LK,0,m,J,59.7,182,94,15.09,1.78,13.3,1.56,2.26,3.86,3.14,7,14.43,9.75,51.6,1.79,2720,17.35,,23
236,NK1,3,m,J,68.8,181,96,14.2,1.67,12.52,1.59,2.35,3.95,3.21,7.16,13.29,10.37,47.4,1.83,3000,16.28,,13
239,LK,0,f,J,64.9,177,88,14.36,2.64,11.73,1.83,2.77,4.6,4.03,8.64,10.57,7.65,34.8,1.97,2580,13.31,,1
239,LK,0,f,J,69.5,177.5,91,15.42,3.4,12.02,1.86,2.74,4.61,3.97,8.58,10.14,8.23,32.8,1.61,2300,14.26,,2
241,LK,0,m,J,50.9,172,91,14.54,1.03,13.51,1.67,2.54,4.21,3.6,7.84,8.83,9.16,43,1.42,2690,14.98,,6
241,LK,0,m,J,55,176.5,94,15.6,2.02,13.58,1.64,2.38,4.02,3.39,7.41,10.81,9.72,47.1,2.57,2740,16.13,,11
245,LK,0,f,J,50.6,166,87,13.58,1.7,11.88,1.83,2.8,4.64,4.05,8.7,9.28,6.62,32.6,1.62,2390,13.1,,10
245,LK,0,f,J,58,168.5,88,14.63,2.46,12.17,1.85,2.71,4.59,4,8.59,9.55,8.23,33.2,1.54,2310,13.08,,12
248,NK2,0,m,J,57.5,170.5,86.5,14.11,0.34,13.77,1.58,2.32,3.9,3.21,7.12,10.61,10.91,55,2.64,2780,17.78,7,
248,NK2,0,m,J,63.5,174,89.5,15.07,1.26,13.8,1.6,2.31,3.91,3.3,7.22,13.48,11.11,64.3,3.04,2700,18.47,11,9
249,NK2,0,m,J,50.9,184,91,13.58,0.51,13.07,1.67,2.49,4.16,3.61,7.77,10.3,8.82,50.5,1.37,2530,16.13,,
249,NK2,0,m,J,62,192,98,14.64,2.06,12.58,1.63,2.39,4.02,3.47,7.49,12.95,9.19,52.6,1.79,2300,16.35,,1
249,NK2,0,m,J,66.5,195,105,15.59,3.59,12.01,1.56,2.29,3.85,3.27,7.12,15.62,9.71,59.2,1.95,2370,18.15,5,5
255,LK,0,m,J,57.2,175.5,90,14.13,0.76,13.37,1.75,2.54,4.3,3.6,7.91,11.17,9.11,44,1.64,2670,15.38,17,1
255,LK,0,m,J,62.8,181,92,15.13,1.58,13.55,1.73,2.33,4.06,3.29,7.35,11.9,9.38,43,1.03,2550,15.95,25,
257,NK2,0,m,J,52.1,172,87,13.53,0.04,13.49,1.85,2.76,4.61,4.02,8.63,10.64,8.36,37.2,1.13,2430,14.38,22,10
257,NK2,0,m,J,59,181,92,14.53,1.22,13.31,1.8,2.57,4.39,3.71,8.1,12.04,9.4,39,0.84,2600,16.4,22,
259,LK,0,m,J,59.8,171.5,87.5,15.08,0.97,14.11,1.68,2.52,4.2,3.5,7.7,12.33,9.54,46,1.78,3080,16.79,7,16
259,LK,0,m,J,68.6,176,89.5,16.07,1.82,14.25,1.69,2.39,4.08,3.35,7.43,14.1,10.35,51.5,1.89,3000,17.96,,20
260,NK1,3,f,J,53.1,168,85.5,14.47,2.19,12.28,1.8,2.53,4.37,3.67,8.04,12.47,8.43,44.1,1.89,2500,14.83,20,12
260,NK1,3,f,J,57,170,89,15.46,3.01,12.45,1.76,2.57,4.33,3.63,7.96,13.03,8.45,45.2,1.97,2410,15.2,22,
260,NK1,3,f,J,54.4,168.5,85,14.83,2.39,12.44,1.78,2.48,4.26,3.54,7.8,12.78,8.51,47.3,1.94,2630,15.13,22,
262,NK2,0,m,J,63.9,172,90,14.66,1.13,13.52,1.75,2.31,4.06,3.21,7.27,12.73,9.19,54.7,1.91,2660,16.93,15,
263,NK2,0,m,J,70.5,186,90,14.87,1.26,13.62,1.67,2.45,4.12,3.43,7.55,12.34,10.29,56.2,2,2550,17.58,15,
263,NK2,0,m,J,74.7,182,91,16.48,2.28,14.21,1.79,2.36,4.15,3.31,7.47,14.26,11,62,2.58,,19.98,17,16
264,NK2,0,f,J,58.6,167.3,87.4,15.6,2.91,12.69,1.873,2.491,4.36,3.631,7.995,11.18,,43.5,2.49,,15.35,,
264,NK2,0,f,J,56.4,166,88,14.9,2.51,12.39,1.86,2.54,4.4,3.6,8,11.69,9.11,47.6,1.82,2450,15.44,10,
265,NK2,0,m,J,54.5,168,90,14.54,0.96,13.57,1.67,2.3,3.98,3.09,7.08,13.42,10.65,63.7,2.21,2780,17.71,18,
265,NK2,0,m,J,58.4,169,89,15.21,1.23,13.98,1.62,2.33,3.97,3.18,7.15,14,10.78,63.2,2.69,2800,18.8,21,10
266,LK,0,f,J,61,172,91,15.09,3,12.09,2,2.62,4.67,3.61,8.28,13,7.18,38,2.2,2070,13.8,11,
277,LK,0,f,J,68.6,168,88,17.38,3.91,13.47,2.11,2.67,4.8,4.25,9.05,11.05,7.64,38.6,1.38,2410,13.25,15,12
277,LK,0,f,J,61.4,168,88,16.48,3.44,13.04,1.88,2.71,4.6,3.98,8.58,10.64,8.04,42.4,1.47,2420,13.42,15,15
278,LK,0,f,J,53,163,81.5,15.36,2.28,13.08,,,4.91,3.51,8.42,10.6,7.1,,2.6,2350,14,,
278,LK,0,f,J,54,165,83,15.72,2.62,13.1,1.75,2.48,4.23,3.65,7.88,11,9.05,44.3,2.06,,14.7,10,
279,NK2,0,f,J,64.8,173.8,90.5,16.26,3.68,12.57,1.745,2.46,4.205,3.446,7.651,11.78,,38.7,2.42,,16.84,,
279,NK2,0,f,J,58.5,171,88.4,15.09,2.82,12.27,1.81,2.58,4.39,3.69,8.08,11.5,8.53,37.61,2.33,2600,14.78,,
287,LK,0,f,J,58.6,167.7,86.3,14.69,2.38,12.31,1.97,2.63,4.62,3.71,8.33,12.01,8.9,41.4,1.8,2510,14.92,,
287,LK,0,f,J,66.2,172.2,89.8,15.76,3.33,12.44,1.82,2.54,4.36,3.68,8.04,12.2,9.3,43.8,,2450,16.1,2,
288,LK,0,f,J,49.9,167.8,86.6,14.08,2,12.07,1.88,2.61,4.49,3.72,8.25,10.05,7.84,38.3,,2510,13.4,,
288,LK,0,f,J,52.9,171.7,88.5,15.15,2.85,12.3,1.79,2.55,4.32,3.66,8,10.1,7.98,40.2,,2550,14.75,2,
289,NK1,3,f,J,57,163.8,86.9,15.65,2.78,12.87,1.85,2.35,4.21,3.34,7.55,11.75,8.73,48.2,2.26,,15.84,7,
291,NK1,3,f,J,54.9,171.8,91.4,15.46,3.19,12.26,1.94,2.57,4.51,3.66,8.19,11.82,,39.1,1.74,,15.3,4,
292,NK1,3,m,J,69.85,189,99.2,15.68,2.91,12.77,,,4,3.14,7.14,17.08,,54.4,3.04,,,,17
292,NK1,3,m,J,70.9,189.5,98.2,16.02,2.97,13.05,,,3.93,3.18,7.11,,,58.5,2.56,,,,23
294,NK2,0,m,J,68.9,175.6,90.8,16.83,2.4,14.43,1.611,2.227,3.838,3.055,6.893,15.02,,60.9,2.66,,19,,
294,NK2,0,m,J,60.8,174,90,14.81,1.16,13.65,1.63,2.35,3.98,3.24,7.22,12.96,9.98,52.1,1.92,2970,17.3,15,
300,LK,0,m,J,62.9,185,91,14.54,1.13,13.4,1.75,2.36,4.11,3.36,7.47,13.96,10.56,52.8,1.85,3048,16.84,,
300,LK,0,m,J,69.9,186,94,15.48,2.1,13.38,1.59,2.19,3.84,3.13,6.99,16.44,11.23,61.1,2.24,3010,18.9,20,
301,LK,0,f,J,58.4,174,88.5,14.87,2.8,12.06,1.83,2.69,4.52,3.92,8.44,10.33,7.73,39.7,1.24,2290,,,
301,LK,0,f,J,60,176,92,15.81,3.59,12.21,1.74,2.55,4.3,3.59,7.89,11.2,8.18,37.6,1.58,2400,14.7,,
303,NK2,0,f,J,51.6,166,85,14.23,1.96,12.27,1.79,2.58,4.37,3.72,8.09,12.76,9.04,43.5,1.63,2490,15.43,,
303,NK2,0,f,J,50.2,168,86,15.17,2.58,12.59,1.75,2.48,4.24,3.5,7.74,12.4,9.18,49,1.85,2680,16.45,2,
304,NK2,2,m,J,78.6,191.1,100.7,15.82,3.29,12.53,,,4.02,3.27,7.29,15.71,,59,2.03,,,,15
304,NK2,2,m,J,78.9,193,102.1,16.71,4,12.71,1.61,2.28,3.89,3.13,7.03,16.19,8.61,,2.28,,17.94,,13
305,NK1,3,m,J,75.3,188,97.3,16.07,2.93,13.14,1.6,2.42,4.02,3.36,7.38,14.74,8.44,,1.9,,18.12,,2
305,NK1,3,m,J,81,193,99,17.1,3.79,13.31,1.81,2.4,4.21,3.36,7.59,14.55,10.65,58.4,1.92,2890,18.82,8,
307,NK2,2,m,J,57.7,175.8,93.3,15.86,2.1,13.76,,,4.11,3.27,7.38,14.46,,51.5,2.43,,,,25
307,NK2,2,m,J,56.2,176,92.5,16.2,2.15,14.05,,,4.07,3.21,7.28,14.32,,51.6,2.02,,,,29
309,PK,4,f,J,64,166.5,87.4,16.73,3.49,13.24,1.74,2.47,4.21,3.49,7.72,11.25,7.06,,1.93,,15.54,,10
309,PK,4,f,J,64.7,168,89,17.76,4.18,13.59,1.71,2.38,4.09,3.37,7.46,14.58,10.2,49.9,1.82,2250,16.7,19,15
311,LK,1,f,J,54.4,169,87.9,16.13,3.27,12.86,1.83,2.43,4.3,3.44,7.77,11.47,7.05,,2.02,,14.47,,5
311,LK,1,f,J,60.8,170,88,17.17,3.88,13.29,1.79,2.5,4.3,3.57,7.88,12.37,9.28,42.8,1.85,2380,15.35,11,4
312,LK,1,m,J,59.5,170,88.6,15.71,1.44,14.27,1.75,2.32,4.07,3.18,7.25,14.4,7.81,,2.25,,17.88,,15
312,LK,1,m,J,63.6,171,91,16.74,2.36,14.39,1.62,2.2,3.83,3.11,6.94,14.77,10.79,61.6,2.28,2950,18.2,13,6
315,NK1,3,m,J,69.3,192.3,100.3,15.34,2.85,12.5,,,4.19,3.39,7.58,12.4,,52,1.95,,,,1
315,NK1,3,m,J,73.4,193,101,16.23,3.5,12.73,1.64,2.29,3.97,3.27,7.24,13.73,7.75,,2.14,,17.4,,6
316,LK,1,f,J,57.2,160,84.5,16.13,2.77,13.37,1.7,2.42,4.12,3.42,7.54,11.3,6.61,,1.98,,14.74,,3
316,LK,1,f,J,56.7,160,85,17.17,3.32,13.85,1.81,2.52,4.35,3.62,7.97,11.11,8.88,39.8,1.64,,15,3,1
318,PK,4,f,J,50.3,165.7,88.1,14.9,2.47,12.44,1.76,2.53,4.29,3.68,7.97,10.56,6.75,,2.26,,13.78,,6
318,PK,4,f,J,53.4,165.3,89,16.91,3.62,13.3,1.82,2.67,4.49,3.9,8.39,11.08,8.69,36.8,2.05,,,12,1
318,PK,4,f,J,53,166,88,15.94,3.05,12.88,1.72,2.69,4.44,3.95,8.39,10.92,8.85,34,1.83,2350,14.8,15,3
322,LK,0,m,J,53.7,171,87.5,13.89,0.3,13.59,1.68,2.34,4.02,3.33,7.36,11.29,7.24,,1.63,,16.31,,6
322,LK,0,m,J,59.5,174,90,14.93,1.2,13.72,1.69,2.39,4.12,3.38,7.5,11.46,9.77,50.5,1.67,2690,15.18,8,
323,LK,0,m,J,58.65,178,95,15.6,2.2,13.4,1.63,2.38,4.07,3.37,7.49,12.59,9.47,47,1.49,2810,16.2,20,13
323,LK,0,m,J,63,178,96,16,2.61,13.39,1.62,2.39,4.03,3.38,7.46,12.92,9.82,53.2,1.85,2820,16.09,18,14
324,LK,1,f,J,53,167,88.1,14.96,2.56,12.4,1.75,2.51,4.26,3.57,7.84,11.15,6.69,,1.92,,14.91,,10
324,LK,1,f,J,58.05,166.7,87,16.97,3.59,13.38,1.78,2.55,4.33,3.65,8.01,11.33,9.1,41.7,1.95,2270,15.7,15,3
326,NK1,3,f,J,49.1,171.8,88,15.7,3.13,12.57,,,,,,,,,,,,,
326,NK1,3,f,J,52.8,172,90.4,16.58,3.78,12.8,1.92,2.48,4.4,3.38,7.78,10.57,6.7,,1.84,,15.1,,6
327,LK,0,m,J,67.1,184,96,15.75,2.49,13.26,1.79,2.55,4.34,3.62,7.96,12.59,9.03,43.4,1.03,,15.98,10,
327,LK,0,m,J,72.1,185.5,95,16.73,2.93,13.8,1.72,2.5,4.22,3.54,7.76,13.78,9.53,46.4,1.39,2710,15.78,12,3
332,LK,0,f,J,51.8,166,87,16.63,3.37,13.26,1.72,2.56,4.28,3.66,7.94,11.39,9.37,44.7,2.02,2710,16.5,12,
332,LK,0,f,J,51.1,166,88,16.07,3.12,12.95,1.75,2.5,4.25,3.55,7.82,12.13,9.48,44.4,2.12,2720,16.41,4,
332,LK,0,f,J,50.2,166,86,15.59,2.74,12.85,1.85,2.47,4.32,3.52,7.86,11.84,9.48,44,2.09,2630,16.34,8,2
337,NK1,3,m,J,78.8,180,93.1,16.45,2.63,13.82,1.76,2.32,4.08,3.2,7.3,15.16,7.77,,1.71,,15.76,,12
337,NK1,3,m,J,78.1,181,92,17.48,2.99,14.49,1.76,2.31,4.07,3.21,7.3,16.97,9.95,56,1.91,,10.04,,16
343,LK,1,f,J,63.1,178,91.9,15.05,3.25,11.81,1.87,2.7,4.57,3.94,8.51,12.13,5.81,,1.16,,11.6,,10
343,LK,1,f,J,69.15,180,95.5,17.07,4.65,12.41,1.97,2.8,4.77,4.13,8.9,12.19,7.22,33.4,1.15,2085,11.05,10,2
343,LK,1,f,J,66.2,180,94,16.09,4.02,12.07,1.84,2.76,4.6,4.09,8.69,12.84,8.05,33.4,0.94,,12.55,14,5
345,NK1,3,f,J,62.5,176,94,16.45,4.07,12.38,1.8,2.6,4.4,3.7,8.1,11.27,,38.9,1.3,,,4,1
346,LK,0,m,J,65.8,185,96,14.41,1.75,12.67,1.72,2.49,4.24,3.56,7.81,13.1,9.26,52.8,1.7,2620,15.7,5,
346,LK,0,m,J,68.65,188.5,97,15.39,2.43,12.96,1.69,2.34,4.04,3.35,7.39,15.28,10.09,47.6,1.87,2590,16.52,14,1
347,LK,0,m,J,65.7,180.5,88.5,15.73,1.44,14.29,1.8,2.46,4.26,3.43,7.69,11.95,9.64,43.6,1.9,2655,16.99,9,4
347,LK,0,m,J,71.3,182,93,16.19,2.37,13.82,1.67,2.43,4.11,3.38,7.49,13.68,9.92,50.7,2.05,2750,16.59,12,1
348,LK,1,f,J,57.7,165.4,89.1,14.96,2.59,12.37,1.95,2.76,4.71,4.01,8.72,10.13,5.68,,1.77,,13.11,,16
348,LK,1,f,J,62.3,169,91,16.97,3.92,13.05,1.81,2.76,4.57,4.04,8.61,11.35,7.95,38.4,1.97,2085,13.4,16,6
349,LK,1,f,J,62.3,168.4,89.5,15.09,2.81,12.28,1.82,2.57,4.39,3.75,8.14,10.52,6.75,,1.46,,14.6,,
349,LK,1,f,J,66,178.8,89,17.1,4.24,12.86,1.9,2.63,4.53,3.85,8.38,11,9.05,34.7,1.53,2010,15.4,4,1
351,LK,0,f,J,50.5,171,91,15.06,2.9,12.16,2,2.95,4.95,4.42,9.37,8.87,7.1,,1.43,,13.2,14,
351,LK,0,f,J,51.7,171,91,14.6,2.64,11.96,1.86,2.85,4.74,4.16,8.9,9.06,8.15,29.2,1.49,2380,12.4,16,3
352,LK,0,f,J,59.8,172.6,89.2,13.89,2.27,11.62,1.86,2.73,4.6,4.03,8.63,12.06,6.28,,1.33,,13.58,,4
352,LK,0,f,J,69.75,177,92,15.39,3.42,11.97,1.86,2.66,4.52,3.91,8.43,10.13,8.75,,,,15.6,6,
353,LK,0,f,J,69.7,182,96,15.42,3.83,11.59,1.84,2.68,4.52,3.91,8.43,13.28,7.64,36.7,1.54,2200,13.68,13,1
353,LK,0,f,J,62.1,181,96,13.98,2.95,11.04,1.79,2.7,4.49,3.94,8.43,12.22,7.75,39.1,1.4,2320,13.7,15,4
353,LK,0,f,J,56.65,182,96,14.45,3.23,11.22,1.91,2.65,4.58,3.87,8.45,12.2,7.8,,,,14.3,13,
356,LK,0,f,J,69.1,181.5,92,15.12,3.43,11.69,1.84,2.58,4.43,3.78,8.21,13,8.68,38.4,2.02,2260,16.15,7,1
356,LK,0,f,J,72,182,96,16.09,4.21,11.88,1.79,2.62,4.41,3.75,8.2,13.28,8.86,38.6,1.61,2470,15.68,7,2
356,LK,0,f,J,74.3,183,96,17.13,4.82,12.31,1.75,2.65,4.4,3.82,8.28,13.34,9.08,37.5,1.91,2550,16.05,5,
357,LK,0,m,J,65.6,180,93,14.55,1.45,13.1,1.81,2.37,4.19,3.38,7.58,11.75,9.37,46.2,1.46,2650,16.52,8,
357,LK,0,m,J,72.4,183,95,15.53,2.31,13.22,1.68,2.36,4.03,3.29,7.32,14.29,9.8,50.5,1.61,2580,17,8,3
357,LK,0,m,J,74.4,183,96,15.99,2.72,13.27,1.67,2.37,4.04,3.3,7.37,13.87,10.1,56,1.83,2520,16.45,8,2
358,NK2,0,f,J,41.5,153.2,80,14.6,1.37,13.23,1.87,2.76,4.65,4.22,8.89,9.71,6.13,,2.27,,11.8,,35
358,NK2,0,f,J,48.1,159.5,83.2,15.67,2.38,13.29,1.85,2.74,4.67,4,8.73,10.9,7.35,40.1,1.74,2350,12.47,46,
359,LK,0,m,J,62.6,175,88,15.45,1.23,14.22,1.62,2.4,4.04,3.48,7.52,12.64,9.16,49.9,1.49,2930,16.9,,
359,LK,0,m,J,69.2,177,89,18.44,2.93,15.52,1.7,2.32,4.03,3.22,7.25,15.06,11.09,56.7,2.7,2970,18.61,7,2
363,LK,0,f,J,51.65,167,85,16.62,3.28,13.34,1.79,2.61,4.47,3.82,8.33,11.24,6.7,33.1,1.19,,13.2,10,2
363,LK,0,f,J,53.85,167,88,17.6,4,13.6,1.75,2.72,4.47,4.04,8.51,12.38,7.19,34.4,1.28,2170,13.46,15,1
364,LK,0,f,J,59.5,163.5,88,15.42,2.72,12.7,1.9,2.66,4.56,3.84,8.4,11.14,7.89,37.2,1.41,2085,13.25,13,2
364,LK,0,f,J,56,166,89,14.44,2.32,12.13,1.75,2.64,4.39,3.85,8.26,9.14,7.95,35.1,1.05,2250,13.55,12,2
365,LK,0,f,J,54.1,168,89,16.26,3.37,12.9,1.79,2.67,4.46,4.04,8.5,11.98,9.12,42,1.66,2500,14.61,7,
365,LK,0,f,J,56.9,167,88,15.31,2.77,12.54,1.72,2.59,4.34,3.72,8.07,12.21,9.4,44.9,2.02,2340,15.44,6,
365,LK,0,f,J,54.7,167,89,15.71,3.03,12.68,1.7,2.6,4.3,3.74,8.11,11.95,9.75,47.1,1.78,2540,15.65,5,
366,LK,0,f,J,53.8,173,92,14.48,2.71,11.77,1.91,2.65,4.56,3.94,8.5,11.5,7.95,37.8,1.46,,14.55,19,10
366,LK,0,f,J,58.7,176.6,91,15.46,3.36,12.1,1.91,2.73,4.64,3.98,8.62,12.12,8.24,36.4,1.41,,14.2,14,9
366,LK,0,f,J,72.1,178,96,17.47,4.82,12.65,1.99,2.72,4.71,4.09,8.8,12.85,8.62,42.7,1.5,2100,14.81,,
366,LK,0,f,J,67.55,178,95,16.44,4.2,12.24,1.92,2.64,4.57,3.89,8.46,13.4,8.81,44.1,1.68,2420,15.16,17,8
367,LK,0,m,J,61.3,178.5,87,14.92,0.8,14.11,1.81,2.58,4.39,3.7,8.09,12.02,8.67,47.6,1.52,2620,15.48,15,3
367,LK,0,m,J,63.7,181,93,15.38,1.86,13.52,1.68,2.43,4.11,3.54,7.65,12.92,9.13,46.8,1.33,,15.19,10,2
368,LK,0,f,J,58.7,173,92,15.96,3.57,12.39,,,,,,12.48,,45,2.32,2170,,15,
368,LK,0,f,J,58.25,172.3,88.5,14.99,2.81,12.18,1.79,2.53,4.32,3.66,7.98,12.65,9.48,44.3,1.37,2060,15.7,8,2
374,LK,0,m,J,45.4,157,77,14.51,-0.77,15.28,1.83,2.72,4.56,3.97,8.52,8.64,8.1,43.4,1.25,,13.34,17,5
374,LK,0,m,J,52.6,164,84,15.56,0.68,14.88,1.79,2.7,4.49,3.84,8.33,9.42,8.1,42.2,1.5,,14.75,13,16
376,LK,0,f,J,45.3,165,85,14.27,1.89,12.38,1.77,2.64,4.41,3.9,8.31,10.89,8.57,41.1,1.6,2210,14.6,8,2
376,LK,0,f,J,48.8,189,89,15.3,3.62,11.68,2.01,2.39,4.63,3.91,8.55,10.78,8.72,34.8,1.44,2470,14.36,9,
376,LK,0,f,J,47.5,167,88,14.75,2.4,12.35,1.77,2.59,4.36,3.86,8.27,11.25,8.94,42,1.76,2450,14.6,8,
377,LK,0,f,J,56,171,87,13.95,2.11,11.84,1.8,2.58,4.41,3.72,8.15,10.73,8.55,40.4,1.62,2390,14.85,15,3
377,LK,0,f,J,64.3,172,89,15.39,3.07,12.32,1.89,2.54,4.47,3.68,8.17,12.84,8.93,43,1.86,2240,15.4,9,
377,LK,0,f,J,59.4,171.2,88,14.93,2.72,12.21,1.9,2.55,4.45,3.73,8.19,11.76,8.95,41.1,1.92,2060,15.5,12,1
378,LK,0,f,J,64.8,180,93,14.05,2.82,11.23,1.75,2.75,4.55,4.09,8.64,11.3,7.3,29.3,0.89,2260,12.8,9,1
378,LK,0,f,J,71.41,177,95,15.03,3.39,11.64,1.77,2.75,4.53,4.15,8.68,11.24,7.9,32.4,1.1,2085,14.5,7,1
379,LK,0,f,J,55.4,169,85,14.28,2.12,12.16,1.81,2.56,4.37,3.76,8.15,11.3,6.87,39.5,1.29,2220,13.72,10,5
379,LK,0,f,J,57.8,170,87,14.76,2.53,12.23,1.81,2.54,4.37,3.72,8.09,12.19,7.48,43.8,1.6,2410,13.66,13,4
380,LK,0,f,J,51.4,167,84,14.23,1.94,12.29,1.93,2.71,4.64,4.03,8.67,9.8,7.95,38.2,1.26,,13.4,10,2
380,LK,0,f,J,54.5,171,88,15.21,2.84,12.37,1.79,2.62,4.41,3.94,8.35,11.91,8.16,41.5,1.56,2240,13.56,12,7
380,LK,0,f,J,56.8,172,89,15.69,3.2,12.48,1.8,2.59,4.39,3.83,8.22,11.87,8.35,44.1,1.55,2440,13.31,15,8
380,LK,0,f,J,57.8,173,90,16.24,3.61,12.63,1.82,2.68,4.52,3.97,8.49,11.09,8.39,43.1,1.29,2360,13.24,20,6
381,LK,0,m,J,63.9,174,91,15.15,1.51,13.64,1.73,2.47,4.2,3.52,7.72,12.1,8.59,42.5,1.97,2740,15.54,17,16
381,LK,0,m,J,59,171,86.5,14.17,0.39,13.78,1.78,2.54,4.32,3.58,7.93,10.8,8.69,43.7,1.71,2630,14.61,16,3
382,NK1,3,m,J,73.4,179,90,14.46,1.13,13.34,1.76,2.45,4.21,3.43,7.64,13.62,8.76,53.7,1.94,2865,15.2,22,8
382,NK1,3,m,J,84.3,183,96,16.48,3.11,13.36,1.59,2.34,3.93,3.28,7.22,16.96,9.65,57.5,1.95,2780,15.8,25,16
385,LK,0,m,J,53.3,172,88,13.85,0.34,13.51,1.67,2.38,4.05,3.43,7.48,12.17,9.77,52.1,2.24,2820,15.73,17,13
385,LK,0,m,J,58.8,176,90,14.88,1.16,13.72,1.74,2.32,4.06,3.32,7.38,13.32,10.15,57.5,2.18,2950,17.68,22,19
388,NK1,3,f,J,53,166.6,88.7,15.15,2.68,12.47,1.81,2.51,4.32,3.51,7.83,12.61,,39.1,1.51,,,,
388,NK1,3,f,J,47.7,163,87,14.06,1.83,12.23,1.68,2.51,4.19,3.51,7.71,11.22,8.35,33,1.73,2630,14.06,,18
389,NK2,0,m,J,61.8,183.2,94,15.68,2.12,13.56,1.676,2.263,3.94,3.257,7.196,,,49.7,1.93,,,,
389,NK2,0,m,J,56,182,92,14.59,1.22,13.38,1.59,2.31,3.91,3.2,7.11,10.75,10.39,48.9,1.95,2930,17.52,9,8
390,NK1,3,m,J,80.1,186,98.9,15.09,2.67,12.42,1.571,2.427,4,3.408,7.406,,,57.4,1.81,,17.43,,
390,NK1,3,m,J,73.6,183,97,14.01,1.75,12.26,1.66,2.37,4.07,3.38,7.45,12.95,9.33,49.7,1.71,2890,16.4,3,13
391,LK,0,m,J,74.9,179,96,13.69,1.47,12.21,1.71,2.44,4.17,3.24,7.42,13.6,6.81,,,2500,15.03,8,
392,LK,0,f,J,60.4,169,87,14.79,2.52,12.26,1.844,2.766,4.61,3.98,8.6,11.58,7.74,38,1.34,2250,12.58,8,5
398,NK1,3,m,J,70,187,101,13.56,1.92,11.64,1.68,2.48,4.16,3.58,7.74,13.91,7.82,45,1.25,1740,13.82,5,
399,LK,0,f,J,46,164,88,14.08,1.91,12.17,1.72,2.54,4.26,3.62,7.9,11.4,8.75,45.8,1.44,2680,14.15,,
402,NK2,0,f,J,60.4,174.5,93,15.08,3.19,11.89,1.72,2.62,4.37,3.88,8.25,11.37,7.69,38.4,2.9,2170,13.98,11,4
408,LK,0,f,J,68,169,90,13.31,1.96,11.35,,,,4.45,,8.92,5.42,,,,11.66,,
410,LK,1,f,J,64.4,182,94,18.56,5.51,13.05,1.81,2.62,4.43,3.75,8.18,11.25,9.07,42.58,1.8,2490,16.95,5,
411,LK,0,f,J,50.6,165,90,14.91,2.55,12.36,1.78,2.71,4.5,3.99,8.49,9.89,7.72,36.7,1.69,2355,14.01,,5
413,LK,0,f,J,84.7,178,95,14.51,3.2,11.3,1.8,2.48,4.28,3.43,7.71,14.85,,41.9,1.93,,14.85,7,
414,NK1,3,f,J,60.1,166,96,15.17,3.09,12.08,1.56,2.41,3.97,3.36,7.46,11.78,10.02,44.7,1.45,,16.05,9,
415,NK2,2,f,J,52.7,173.9,86.8,15.32,2.94,12.39,,,4.42,3.72,8.14,11.24,,44.7,2.01,,,,4
417,NK2,0,f,J,43.9,160.5,83,14.5,1.75,12.75,1.6,2.4,4,3.37,7.38,11.14,9.33,49.24,1.97,2360,14.98,13,13
419,NK2,2,f,J,57.6,170.6,89.9,15.5,3.11,12.4,,,4.41,3.58,7.99,12.75,,40.8,2.07,,,,15
421,NK2,0,f,J,56.3,168,83,14.56,2.13,12.43,1.84,2.57,4.41,3.73,7.95,10.92,9.48,42.4,1.52,2370,15.56,,
422,LK,0,f,J,52.45,170,87,14.28,2.23,12.05,1.83,2.53,4.36,3.64,8,10.4,7.95,48.1,1.64,2210,13.9,7,2
426,LK,0,m,J,51.5,182,90.5,16.24,1.79,14.45,1.59,2.38,3.97,3.49,7.47,12.53,10.83,49.17,2.5,2680,18.55,32,
427,LK,0,f,J,67.6,172,85,15,2.66,12.34,1.75,2.53,4.28,3.59,7.89,14.35,9.07,38.4,1.33,2530,15,2,
429,LK,0,m,J,71.1,194.5,98,15.79,2.79,12.99,1.67,2.47,4.14,3.55,7.69,12.9,9.44,50.5,1.93,2630,16.31,15,
432,NK2,2,f,J,55.7,175.9,91.5,15.79,3.55,12.24,,,4.27,3.47,7.74,12.98,,43.3,1.54,,,,8
437,LK,0,m,J,61.1,182,92,14.77,1.37,13.4,1.71,2.34,4.05,3.31,7.36,11.45,9.14,48.5,1.65,2780,15.83,6,
438,LK,0,f,J,59.9,176,91.5,14.14,2.63,11.51,1.88,2.52,4.44,3.7,8.14,12.27,8.53,38.7,1.94,,13.84,14,5
442,LK,0,f,J,53.4,160,80,15.65,2.24,13.41,1.8,2.5,4.31,3.57,7.88,11.63,9.06,39.5,1.92,2460,15.2,8,
445,NK2,0,m,J,61.2,177,90,14,0.74,13.26,1.72,2.47,4.29,3.56,7.85,12.24,8.94,49,2.08,2640,14.39,22,16
447,LK,0,m,J,60.8,180,92,14.05,1,13.05,1.84,2.56,4.4,3.67,8.07,12.1,,52.7,1.57,2460,15.8,,
448,LK,0,f,J,59.9,177,82,15.52,2.9,12.62,1.85,2.54,4.39,3.63,8.02,13.4,,40,1.29,2375,14.74,2,
449,LK,0,m,J,78.5,190.5,99,16.65,3.52,13.13,1.71,2.28,3.99,3.22,7.23,15.52,10.15,52.5,2.17,2700,17.1,20,
450,LK,0,f,J,64.9,167,88,14.57,2.43,12.14,1.98,3,4.99,4.34,9.33,9.15,7.28,33.9,1.62,2400,12.8,4,11
452,LK,0,m,J,53,170,86,13.72,0.03,13.69,,,,3.49,,11.63,7.27,,,,15.62,12,
455,NK1,3,f,J,63.9,177,93.5,16.83,4.29,12.53,,,,,,13.3,9.23,,,1870,16.6,1,
457,LK,0,f,J,55.1,171,88,14.42,2.41,12.01,1.71,2.6,4.31,3.73,8.08,11.12,7.78,35.16,1.29,2575,13.98,5,6
458,LK,0,f,J,59.5,163.2,86.9,14.85,2.36,12.49,1.78,2.62,4.4,3.79,8.29,10.88,7.99,36,1.57,,13.96,,
461,LK,0,m,J,69.8,179.5,92,15.37,1.8,13.57,1.73,2.51,4.32,3.55,7.87,13.81,8.91,48,1.48,3200,16.04,30,15
463,LK,0,f,J,50.4,162,86,13.79,1.63,12.15,1.75,2.61,4.36,3.83,8.2,10.96,7.63,42.48,1.22,,13.51,3,8
464,LK,0,f,J,55.8,164.5,83.5,14.85,2.19,12.66,1.73,2.65,4.38,3.85,8.27,10.79,8.09,37.6,1.17,2425,13.46,16,
467,LK,0,f,J,50.1,165,84,14.18,1.84,12.34,1.86,2.71,4.57,3.98,8.55,9.49,7.56,34.3,1.49,2420,13.38,10,3
470,LK,0,f,J,54,167.5,88.5,14.93,2.59,12.34,,,5.09,3.68,8.77,12.6,6.8,,1.93,2550,14.45,,
472,NK1,3,f,J,47.7,160.2,85,15.48,2.4,13.08,,,4.31,3.73,8.04,12.34,,44.1,2.61,,,,22
475,LK,0,m,J,76.7,190,98,16.1,3.05,13.05,1.61,2.43,4.04,3.45,7.49,14.2,9.7,59.4,2.88,2620,16.71,,13
478,NK1,3,m,J,65.6,178.8,93.9,15.71,2.19,13.52,1.65,2.47,4.01,3.32,7.33,13.81,9.88,44,2.66,,18.08,18,
479,LK,0,f,J,57,168.5,85,15.16,2.58,12.58,1.78,2.78,4.56,4.04,8.6,11.89,8.87,41.5,2.1,2550,15.93,5,
480,LK,0,f,J,56.9,165,87,15.28,2.63,12.65,1.84,2.6,4.44,3.73,8.17,11.6,9.21,44,2.36,,15.28,,4
481,LK,0,f,J,52.9,169,87,14.19,2.15,12.04,1.77,2.66,4.44,3.87,8.31,10.45,8.8,43.7,1.93,2450,15.1,2,
482,LK,1,m,J,83.5,192,100,17.24,4.05,13.18,1.77,2.43,4.2,3.47,7.67,16,9.8,56.7,2.11,,16.01,15,10
485,LK,0,f,J,43,154,77,14.75,1.34,13.42,1.96,3.08,5.04,4.64,9.7,6.87,5.55,25.4,0.69,3180,11.15,8,
487,NK1,3,m,J,62.5,183,93,14.67,1.47,13.21,,,,,7.52,12.87,8.07,,2.07,,16.93,9,
488,NK1,3,f,J,43.6,155,82,14.99,1.77,13.23,1.88,2.53,4.41,3.79,8.2,10.65,6.73,43.61,1.82,2500,14.26,12,13
489,LK,0,m,J,75.2,195,96.5,15.52,2.49,13.03,1.84,2.52,4.36,3.46,7.84,12.35,9.33,42.8,1.46,2950,16.41,,17
492,LK,0,f,J,56.2,175,86,13.97,2.2,11.77,1.69,2.64,4.33,3.84,8.17,11.47,8.11,38.21,2,2570,13.42,8,3
496,NK1,3,m,J,64.2,182,91.7,15.66,1.82,13.83,1.68,2.37,4.06,3.33,7.41,13.56,10.25,51.5,2.51,3150,18.32,44,
497,LK,0,m,J,64,187,100,16.15,3.22,12.93,1.65,2.3,3.96,3.18,7.15,13.48,10.88,51.6,2.29,2900,18.63,18,
500,NK1,3,f,J,63.4,177,96,15.25,3.54,11.71,1.82,2.61,4.43,3.69,8.12,12.85,9.65,38.2,2.13,2380,15.4,7,
503,NK2,0,m,J,60,174,91,14.4,1.07,13.33,1.78,2.69,4.47,3.93,8.4,11.45,8.45,47.9,2.07,2600,14.03,,15.5
505,LK,0,f,J,57.4,167,91,15.1,2.81,12.28,1.89,2.65,4.54,3.89,8.43,10.86,8.5,39.8,1.64,2150,15.15,6,6
507,NK2,0,f,J,58.5,179.4,91.2,15.45,3.47,11.98,1.85,2.52,4.39,3.66,8.05,11.39,,44.7,1.75,,16.17,3,
510,LK,0,m,J,58,171,89,14.64,0.92,13.71,1.73,2.41,4.15,3.27,7.43,14.1,9.4,47,1.2,2840,15.98,12,10
511,LK,0,m,J,57.7,172,89,13.91,0.54,13.36,1.76,2.46,4.22,3.46,7.68,10.47,8.64,44.9,1.85,2850,15.87,6,4
514,NK2,0,m,J,87.1,197,101,15.57,3.27,12.31,1.62,2.3,3.92,3.2,7.13,18.05,10.23,54.7,1.31,2950,17.72,15,
524,LK,0,m,J,70.4,186,94,15.58,2.16,13.42,1.71,2.37,4.08,3.36,7.44,13.83,10.12,53.6,1.67,3010,16.64,12,4
525,LK,0,f,J,56.3,168,85,13.94,1.91,12.03,1.85,2.85,4.71,4.27,8.98,10.48,7.17,31.9,1.42,1860,12.62,10,1
526,LK,0,m,J,72.8,202,100,14.48,2.35,12.14,1.7,2.55,4.25,3.65,7.9,11.51,8.63,45.5,1.43,3010,16.46,3,
529,LK,0,f,J,54.9,163,85,14.96,2.27,12.69,1.82,2.53,4.36,3.59,7.95,12.1,9.38,43.9,2.72,,15.81,23,
533,LK,0,f,J,54.1,165,88,15.29,2.67,12.62,1.7,2.52,4.22,3.53,7.76,11.91,9.34,34,1.77,2650,16.04,8,
534,NK2,0,m,J,72.8,185,96,15.66,2.51,13.15,1.62,2.36,3.98,3.3,7.32,13.79,10.68,49.46,2.49,2660,17,8,
537,LK,0,f,J,56.8,164.5,87,14.36,2.13,12.23,1.78,2.58,4.36,3.72,8.08,11.65,8.6,35.7,2.08,2680,14.54,8,
539,LK,0,m,J,74,184,95,16.79,3,13.79,,,,,,14.4,9.05,,,2520,15,22,
542,NK2,0,f,J,58.2,173,90,13.97,2.35,11.62,1.89,2.81,4.71,4.06,8.77,10.95,7.37,40.5,1.43,2180,14.22,6,10
544,NK1,3,f,J,48.2,164,86,14.12,1.86,12.27,1.89,2.75,4.64,3.92,8.56,10.5,7.64,37,1.91,2500,13.56,3,15
545,LK,0,f,J,53.3,173,89,14.28,2.44,11.84,1.82,2.67,4.5,3.88,8.39,10.56,8.64,39,1.48,2590,14.89,3,
547,NK2,0,f,J,71.7,175,91,15.04,3.12,11.92,1.97,2.61,4.58,3.76,8.34,13.61,8.09,41.5,1.66,2560,14.71,21,10
557,NK1,3,f,J,61.6,169.3,87.1,15.72,3.04,12.68,,,4.22,3.54,7.76,,6.59,42.1,1.48,,,,
562,LK,0,f,J,50,167,90,14.57,2.42,12.15,1.86,2.63,4.49,3.81,8.3,11.25,9.13,35.7,1.8,2900,15.4,15,
563,LK,0,f,J,64.8,174,85,14.57,2.49,12.08,1.75,2.54,4.29,3.53,7.82,13.42,7.28,,,2550,14.71,,
567,LK,0,m,J,87.5,188,96,14,1.78,12.22,1.73,2.68,4.41,3.71,8.17,14.19,7.69,39.7,1.08,1770,13.92,2,
568,LK,0,m,J,67.7,185,97,15.48,2.48,12.99,1.6,2.36,3.96,3.32,7.28,13.7,10.08,52.4,2.18,2860,16.9,,11
569,NK2,0,f,J,52.8,169.4,88.6,15.73,3.1,12.63,1.77,2.55,4.33,3.74,8.07,11.83,,49,2.16,,,6,
570,NK2,0,m,J,56.4,173,91,13.78,0.7,13.08,,,,3.6,,12.55,6.51,,,,14.62,9,
572,NK1,3,m,J,48.2,165,86,14.33,0.28,14.05,1.82,2.6,4.42,3.74,8.16,8.95,8.38,39,1.69,2800,15.09,3,10
574,LK,0,m,J,72.2,182,94,15.19,1.99,13.19,1.64,2.32,3.97,3.16,7.13,13.85,10.88,54.1,1.95,,16.66,8,1
575,NK2,0,f,J,50.8,163,86,13.98,1.77,12.21,1.9,2.45,4.35,3.56,7.91,12.2,6.9,41.81,1.87,2780,14.05,,24
576,LK,0,f,J,50.8,172,89,14.27,2.38,11.89,1.76,2.55,4.35,3.66,8.01,10.61,7.98,28.3,1.21,2410,14.45,5,
578,LK,0,m,J,55.9,174,88.4,13.86,0.42,13.44,,,,3.54,,10.75,6.99,,,,15.24,1,
579,LK,1,f,J,49.2,165.6,87.2,16.67,3.38,13.29,1.89,2.75,4.64,3.93,8.6,10.68,6.07,,1.88,,12.2,,10
580,LK,0,f,J,50.9,159,85,14.11,1.67,12.45,1.83,2.62,4.45,3.71,8.16,11,8.81,35,1.14,2600,14.98,11,
581,LK,0,f,J,48.1,168.5,88.5,13.92,2.02,11.9,1.71,2.54,4.25,3.71,7.96,9.55,8.74,40.3,1.88,2460,14.03,,10
585,NK2,2,m,J,73.75,192.7,97.8,15.8,2.81,12.99,,,4.18,3.48,7.66,10.57,,50.1,1.99,,,,1
586,NK2,2,m,J,65.1,174.3,90.7,15.12,1.47,13.65,,,4.2,3.4,7.6,12.86,,53.6,1.91,,,,32
588,LK,0,f,J,59.1,164.7,82,13.82,1.62,12.2,1.89,2.69,4.61,3.94,8.57,10.67,7.87,36.1,1.6,2340,14.26,,14
589,NK1,3,f,J,57.2,166.3,89.9,15.12,2.75,12.38,1.89,2.51,4.4,3.67,8.08,11.76,,39.5,1.26,,,,
590,NK1,3,f,J,60,182,92,17.99,5.08,12.91,1.85,2.51,4.36,3.56,7.92,12.4,10.35,42.7,1.25,2770,16.2,7,
591,NK1,3,m,J,56.4,180,94,14.01,1.17,12.84,1.56,2.35,3.91,3.37,7.3,13.29,9.67,43,1.28,2650,16.19,9,
595,NK2,2,m,J,69.35,187.2,96.4,15.32,2.32,12.99,,,3.95,3.27,7.22,14.41,,46.1,1.8,,,,8
596,NK1,3,f,J,52.6,175,87,13.46,1.94,11.52,,,4.3,3.56,7.86,10.37,,,1.55,2550,15.03,,
597,NK1,3,m,J,71.5,190,94,15.47,2.1,13.38,1.73,2.38,4.12,3.27,7.39,14.98,10.34,51,1.63,3120,17.45,10,
598,LK,0,f,J,47.7,163,83,14.2,1.71,12.49,1.8,2.68,4.51,3.83,8.35,10.5,7.94,40.8,1.87,2300,14.56,9,3.5
602,LK,0,m,J,56.7,175,90,13.5,0.44,13.06,1.83,2.54,4.37,3.64,8.01,11.15,8.6,43.69,1.35,2715,,,
603,LK,0,f,J,57.1,174,89,16.13,3.52,12.6,1.91,2.59,4.5,3.78,8.3,12.7,8.03,39.1,1.77,2400,14.05,5,5
605,NK2,0,f,J,62.2,169,87,13.86,2.05,11.81,1.84,2.82,4.66,4.18,8.84,10.84,7.46,38.6,1.11,2360,13.1,7,2
606,NK1,3,m,J,58.2,187,95,15.74,2.23,13.52,1.7,2.42,4.16,3.59,7.77,10.46,9.35,31,1.43,2840,15.42,11,
608,LK,0,f,J,60.7,171,93,14.27,2.62,11.65,1.68,2.53,4.24,3.67,7.93,11.45,9.38,46,1.86,2570,15.75,8,
611,NK1,3,f,J,54.2,177,91,14.41,2.77,11.65,1.82,2.66,4.48,3.78,8.26,8.93,7.84,34.4,1.84,2220,14.16,5,
614,LK,0,f,J,49.8,165,86,14.94,2.35,12.59,1.74,2.41,4.15,3.51,7.66,12,7.02,45.35,2.47,2750,15.2,,12
616,LK,0,f,J,53.8,170,93,14,2.38,11.62,1.76,2.64,4.4,3.82,8.22,8.87,8.42,31,1.6,2450,14.61,12,
617,LK,0,f,J,63.7,171,92,17.34,4.25,13.09,1.83,2.64,4.47,3.87,8.34,12.54,9.28,46.5,1.65,1600,16.18,10,
618,NK2,0,f,J,59.7,173.7,90.5,13.78,2.3,11.47,2.06,2.57,4.63,3.74,8.37,11.95,8.68,42,1.32,2700,13.34,12,
620,LK,0,f,J,57,173,87,13.8,2.1,11.7,,,,3.9,,10.89,6.47,,,,14.25,5,
622,LK,0,f,J,55.5,172,89,13.53,2,11.52,1.88,2.76,4.66,4.09,8.77,10.41,8.22,32.4,1.17,2785,14.07,3,
625,LK,0,f,J,59.8,181,94,15.46,3.7,11.77,1.74,2.63,4.37,3.81,8.18,13.12,9.17,36,1.48,,,3,
626,LK,0,m,J,69.3,189,93,13.98,1.17,12.81,1.69,2.5,4.19,3.55,7.74,11.97,8.63,40.7,1.44,2870,15.09,7,
629,LK,0,f,J,55.8,169,90,15.19,2.87,12.31,1.9,2.55,4.45,3.63,8.08,10.65,,39.7,1.74,1470,14.05,7,
632,NK1,3,f,J,56,171.8,91.6,15.59,3.28,12.3,,,4.37,3.77,8.14,12.55,,36.1,1.54,,,,22
635,NK1,3,m,J,53.7,170,86,16.6,1.43,15.17,1.48,2.18,3.67,3.08,6.75,12.95,10.77,63.7,2.44,2840,19.07,,19
636,LK,0,f,J,54.6,178.5,91.5,14.47,2.88,11.59,1.8,2.71,4.52,3.93,8.45,10.08,7.51,35.8,1.54,2750,14.02,9,9
639,LK,0,m,J,40.7,154,77.5,13.62,-1.14,14.76,,,,3.86,,9.53,6.3,,,,14.27,10,
640,LK,0,m,J,53.9,169,87,14.79,0.69,14.09,1.64,2.44,4.08,3.48,7.56,11.33,,45.8,1.89,2820,16.2,,10
641,NK2,0,m,J,64.4,178.5,91,15.78,1.81,13.97,1.58,2.31,3.89,3.23,7.12,13.79,10.03,57.2,1.95,2750,17.47,,20
645,LK,0,f,J,56.1,171,92,14.6,2.72,11.88,1.72,2.59,4.31,3.87,8.19,11.19,9.26,33,1.54,2050,16.23,2,
650,LK,0,m,J,67,175,92,16.61,2.45,14.17,1.74,2.43,4.21,3.42,7.63,13.07,8.78,52.1,1.43,2270,15.9,6,10
651,LK,1,f,J,62,179.4,92.2,15.05,3.31,11.74,1.83,2.72,4.55,3.99,8.54,11.97,5.62,,1.17,,12.03,,12
652,NK1,3,f,J,52.6,164,84,14,1.73,12.27,1.9,2.82,4.72,4.11,8.83,9.3,6.33,30.5,1.02,2190,12.78,1,
653,LK,0,f,J,53.1,169.5,86,14.61,2.34,12.26,1.92,2.81,4.73,4.09,8.82,9.83,8.38,37.8,2.06,2440,14.76,7,
655,LK,0,m,J,64,171,89,14.66,1.01,13.65,1.708,2.562,4.27,3.6,7.87,12.66,8.95,44,1.39,2920,15.43,,15
660,NK2,0,f,J,55.4,171.3,87,15.69,3.06,12.62,1.8,2.59,4.39,3.93,8.36,10.63,9.27,40.6,1.43,2550,15.53,5,
662,LK,0,f,J,63.6,164,84,15.47,2.57,12.9,1.7,2.6,4.3,3.74,8.04,9.95,8.07,43.9,1.56,2280,14.93,15,
663,LK,0,f,J,57.8,174,89,17.73,4.41,13.32,1.76,2.51,4.28,3.54,7.88,13.3,8.67,41.1,1.54,2425,15.41,2,
665,NK1,3,m,J,60.2,182,98,14.41,1.93,12.48,1.7,2.36,4.07,3.33,7.4,12.05,9.5,43,1.48,2820,16.49,12,
667,PK,4,f,J,58.9,174.4,89,15.06,2.95,12.11,,,4.28,3.55,7.83,12.84,,43.5,1.68,,,,1
669,LK,1,m,J,78.1,178,94,17.49,3.33,14.16,1.63,2.33,3.97,3.22,7.21,14.52,9.68,54,1.89,2330,16.49,,15.5
671,LK,0,f,J,49.2,165,84,14.07,1.77,12.3,1.94,2.64,4.58,4.02,8.6,9.51,8.45,35.9,1.6,2360,14.58,12,5
672,LK,0,f,J,49.3,166,88,15.13,2.59,12.54,1.75,2.52,4.27,3.63,7.9,11.36,8.2,41.5,1.68,2600,14.5,6,
673,PK,4,f,J,52.5,168,87,15.59,2.88,12.71,,,,,,12.5,,,,,,,
675,NK2,0,f,J,77.1,177,90,14.06,2.65,11.41,1.75,2.57,4.32,3.71,8.03,11.65,6.91,36.7,1.24,2210,13.73,,
680,LK,0,f,J,57.9,175,96,15.09,3.36,11.73,1.84,2.83,4.67,4.19,8.86,10.21,7.41,30,1.61,2450,14.56,17,
681,LK,0,m,J,58.5,185,94.5,13.68,1.07,12.61,1.81,2.65,4.46,3.87,8.33,12,9.2,46.5,1.42,2800,15.1,16,
683,NK2,2,f,J,53.5,170.3,88.4,15.7,3.11,12.59,,,4.33,3.62,7.95,12.5,,40.8,1.99,,,,10
685,PK,4,m,J,62,182,94,14.67,1.59,13.08,,,4.07,3.41,7.48,12.61,,,2.08,2875,17.52,,
686,LK,0,f,J,55.9,171,92,14.84,2.85,11.98,1.84,2.66,4.5,3.77,8.27,10.42,9.25,35.5,1.28,2780,14.3,2,
687,NK1,3,m,J,65.8,181,90,14.85,1.21,13.64,1.64,2.26,3.9,3.2,7.1,13.7,10.47,61.8,2.15,2600,18.35,6,
688,NK1,3,m,J,66.2,186.7,92.6,15.27,1.75,13.52,1.72,2.44,4.18,3.41,7.59,13.32,9.27,51,1.58,2845,16.95,5,
689,NK2,2,f,J,68,184,92.3,15.46,3.72,11.74,,,4.28,3.64,7.92,13,6.75,41.5,,,,,
690,LK,0,f,J,56,170,86,14.69,2.43,12.27,1.72,2.48,4.2,3.74,7.94,11.4,9.53,45,1.78,2720,15.93,11,
691,LK,0,m,J,64.65,193,97,15.19,2.26,12.93,1.87,2.59,4.46,3.73,8.19,11.63,8.79,39.5,1.7,2340,16.77,6,
693,NK2,2,m,J,79.7,188.3,99.5,15.34,2.87,12.46,,,4.1,3.22,7.32,16.22,,57.9,2.08,,,,14
694,LK,0,f,J,60.3,167,88,15.65,2.96,12.68,1.82,2.69,4.51,3.8,8.31,11.01,9.35,39.4,1.12,1980,15,4,
695,LK,1,m,J,69.5,179,94.6,16.11,2.55,13.56,1.7,2.28,3.99,3.16,7.19,13.94,7.73,,2.12,,16.36,,
697,LK,0,m,J,55.6,178,87,14.73,0.64,14.09,1.9,2.9,4.8,4.07,8.87,8.51,6.69,31.3,1.06,3350,14.04,4,
703,LK,0,m,J,62.9,186,92,13.82,0.9,12.93,1.64,2.38,4.02,3.37,7.39,13.26,9.1,47.7,1.01,2540,15.72,8,
705,LK,0,f,J,57.15,179,90,15.73,3.55,12.18,2.02,2.7,4.76,3.91,8.67,10.31,8.22,35.7,1.39,2280,15.08,,
706,LK,0,f,J,56.2,173,93,14.35,2.7,11.65,1.7,2.52,4.22,3.71,7.93,11.31,9.01,38,1.68,2590,15.03,6,
711,LK,0,f,J,58.2,169,93,14.43,2.62,11.81,1.84,2.76,4.63,4.01,8.65,12.15,8.95,47.9,2.08,2760,14.4,7,5.5
714,NK1,3,m,J,52.8,172.8,86.9,15.17,0.83,14.34,1.6,2.46,4.09,3.52,7.61,11.58,10.47,46.5,1.97,3050,17.97,9,
715,LK,0,f,J,53.2,167,86,14.4,2.15,12.25,1.73,2.54,4.27,3.6,7.87,11.95,8.49,46.8,1.61,2515,15.93,5,
716,NK2,2,f,J,51.3,169.5,88.1,14.99,2.65,12.33,,,4.22,3.61,7.83,12.21,,48.5,2.18,,,,6
717,NK2,2,f,J,51.5,170.3,89.1,15.35,2.94,12.41,,,4.19,3.54,7.73,11.58,,44.9,2.14,,,,12.5
722,NK1,3,f,J,75.9,187,94.5,15.73,4.1,11.63,1.85,2.72,4.58,3.9,8.52,11.36,8.28,37.5,1.52,2540,14,,1
725,LK,0,f,J,68,183,94,15.32,3.7,11.62,1.86,2.54,4.45,3.64,8.09,12.75,9.04,38.3,1.66,2550,16.32,,
730,NK1,3,f,J,58.2,173.6,89,16.03,3.46,12.57,,,4.21,3.43,7.64,13.81,,41.1,2.09,,,,8
731,NK2,0,m,J,75.7,202,104,15.75,3.63,12.11,1.73,2.29,3.88,3.19,7.11,15.64,11.57,59.7,1.67,2500,18.64,17,
736,LK,0,m,J,64.1,182.5,95.5,14.58,1.76,12.82,1.7,2.44,4.14,3.4,7.54,,9.5,48.4,2.1,3015,15.85,,
737,NK2,0,f,J,51.3,163.8,82.5,13.94,1.6,12.33,1.82,2.5,4.32,3.57,7.9,9.8,8.52,44.7,1.58,2710,13.65,,7
738,NK1,3,m,J,71.3,183,95,14.48,1.73,12.75,1.77,2.53,4.32,3.63,7.95,13.2,,41,1.41,,16.09,14,4
741,LK,0,f,J,58.7,166,87,14.28,2.15,12.13,1.84,2.65,4.49,3.75,8.24,10.6,8.05,36.3,2.01,2470,14.35,5,
745,NK1,3,f,J,52.8,163,85.9,15.39,2.53,12.85,1.7,2.5,4.2,3.58,7.78,11.3,8.06,44.6,1.36,2435,14.84,25,15
746,LK,0,f,J,46.9,164,81,15.66,2.41,13.26,1.82,2.62,4.44,3.82,8.29,10.2,7.65,39.8,2.22,2210,15.2,8,
747,LK,0,f,J,59,182,94.5,16.35,4.28,12.07,1.77,2.43,4.2,3.4,7.61,13.78,10.15,43.29,1.66,2500,15.15,11,
749,LK,0,m,J,69.1,181.5,89,13.83,0.62,13.21,1.88,2.69,4.57,3.65,8.22,13.26,6.88,,,,14.15,2,
755,NK2,0,f,J,37.3,156.5,79,13.62,0.87,12.75,1.87,2.66,4.53,3.75,8.28,9.33,6.52,,,3150,14.3,20,
756,LK,0,m,J,74.7,183,95.1,14.03,1.54,12.49,1.74,2.43,4.19,3.39,7.59,11.74,7.57,,1.45,,16.64,,2
757,LK,0,m,J,68.7,180,92,16.58,2.41,14.17,1.53,2.23,3.77,3.11,6.9,15.49,11.08,62.5,2.66,2820,18.2,,20
759,LK,0,f,J,61.7,171,92,17.21,4.19,13.03,,,,,,11,,,,,,12,
760,NK2,2,m,J,72.4,188.5,100,15.77,3.1,12.67,,,3.94,3.27,7.21,17.24,8.54,47.4,2.26,,,,
761,NK2,2,m,J,61.7,181.1,89.9,15.83,1.63,14.2,,,4.16,3.37,7.53,13.34,,52.8,2.14,,,,10.5
762,NK1,3,f,J,55.9,171,91,13.91,2.28,11.62,1.79,2.62,4.41,3.74,8.15,10.67,8.62,44,2.19,2540,15.88,,
766,LK,0,m,J,62.5,175,92,14.2,1.12,13.08,1.65,2.36,4.01,3.31,7.32,12.05,9.77,44.7,2.71,2940,16.89,8,1
769,NK1,3,f,J,53.4,174.8,92.9,15.41,3.36,12.05,,,4.37,3.46,7.83,,7.21,44.1,1.93,,,,8
770,LK,0,f,J,66.2,173,92,15.44,3.3,12.14,1.71,2.57,4.28,3.65,7.93,11.38,9.42,39.4,1.81,2540,14.37,,
771,LK,0,m,J,63.8,184,92,14.72,1.37,13.35,1.78,2.51,4.29,3.42,7.71,11.75,8.88,42.1,1.97,2900,16.15,2,
773,PK,4,m,J,58.1,174.6,92.3,15.28,1.67,13.61,,,4.05,3.15,7.2,12.83,,53.2,2.55,,,,15
777,LK,1,f,J,64.1,177,87,18.7,4.9,13.8,1.7,2.55,4.25,3.64,7.89,12.63,9.54,46.8,2.06,2590,16.25,,3
778,LK,0,f,J,43.6,163,84.5,14.57,1.95,12.62,1.936,2.904,4.84,4.2,9.04,9.05,7.2,29,1.54,2420,12.26,4,2
781,LK,0,f,J,55.9,170,90,15.56,3.12,12.45,1.86,2.61,4.51,3.71,8.26,11.4,9.15,41,1.59,2225,15.82,1,
787,LK,0,m,J,78.7,181,96,14.86,2.16,12.69,1.83,2.3,4.15,3.24,7.39,15.08,9.09,52.4,1.46,2430,15.82,12,9
792,NK2,0,m,J,65.4,181,94,15.72,2.2,13.53,1.78,2.32,4.1,3.22,7.32,14.42,9.15,40.4,2.4,2550,15.55,28,
794,NK1,3,m,J,46.4,167,86,14.37,0.27,14.1,1.848,2.772,4.62,3.98,8.6,9.64,8.52,42,1.32,2725,14.93,,17
797,LK,0,m,J,67,181,94,15.03,1.85,13.18,1.7,2.31,4.03,3.21,7.26,14.05,9.26,54.8,2.15,2710,17.25,8,1
799,NK1,3,f,J,70.2,168,85,16.73,3.41,13.32,1.73,2.45,4.18,3.62,7.8,13.85,9.49,53.2,1.88,,16.26,,
800,LK,0,m,J,66.4,188,97,16.05,2.77,13.28,1.77,2.34,4.12,3.31,7.46,13.61,10.7,47.7,1.9,2530,17.62,8,2
801,LK,0,f,J,60.6,173,92,13.78,2.36,11.42,1.81,2.48,4.53,4.15,8.68,10.09,7.45,38.3,1.37,2260,13.45,12,4
803,LK,0,m,J,59.5,178,93,16.29,2.3,13.99,,,,,,12.65,8.58,50.96,,2900,10.5,,9
804,LK,0,m,J,47,164,83.5,13.88,-0.25,14.14,1.77,2.63,4.4,3.88,8.28,8.91,9.14,43,1.81,2600,15.28,,11
805,LK,1,f,J,55.2,166,88,17.95,4.15,13.8,1.79,2.69,4.48,3.86,8.34,12.11,8.64,42.2,1.78,2450,14.7,,13.5
808,LK,1,f,J,65.4,176,90,16.7,3.98,12.73,1.73,2.59,4.32,3.66,7.98,13.7,8.52,42.4,1.84,,14.93,,
809,NK2,0,m,J,65,184,96,14.7,1.9,12.81,1.66,2.3,3.96,3.19,7.15,13.8,10.46,48,1.62,2770,18.43,14,
811,LK,0,f,J,56,169,91,14.5,2.55,11.95,1.72,2.53,4.25,3.65,7.9,10.75,8.27,39.7,1.63,2450,15.69,1,
812,NK2,2,f,J,64.1,180,95.9,15.64,3.87,11.77,,,4.57,3.91,8.48,11.09,,43.7,1.64,,,,7.5
817,NK2,2,f,J,61.1,177.2,92.5,15.07,3.25,11.82,,,4.34,3.64,7.98,13.31,,41.1,1.59,,,,15
820,NK1,3,f,J,65.3,175,89,17.28,4.19,13.09,1.74,2.39,4.13,3.41,7.55,13.95,9.66,50.2,2.11,,17.4,,
821,LK,1,m,J,52.4,176,92,15.83,1.84,13.99,,,3.99,3.43,7.42,11.05,,,1.86,2785,15.87,,
824,LK,0,m,J,75.5,172.6,92.5,15.86,2.25,13.61,1.66,2.24,3.94,3.08,7.05,15.56,9.77,50.4,1.76,,16.52,,
825,LK,1,m,J,76.8,177,93.5,16.39,2.66,13.74,1.7,2.39,4.09,3.32,7.44,13.97,8.08,,1.45,,15.49,,23
827,NK1,3,m,J,59.1,172,89,13.79,0.5,13.28,1.74,2.56,4.3,3.72,8.02,13.45,9.78,46.4,2.24,2705,14.75,20,5
836,LK,0,f,J,54,168,90,14.25,2.31,11.94,1.76,2.21,3.97,3.33,7.3,11.1,9.2,45.4,2.1,2550,15.6,,
838,LK,0,f,J,47.3,171,87,15.03,2.65,12.37,1.75,2.56,4.36,3.72,8.19,10.35,9.25,43.3,1.78,2700,15.66,,3
839,LK,0,m,J,72.1,179,90,13.89,0.82,13.07,1.63,2.27,3.93,3.12,7.05,15.12,7.26,,,2500,14.28,13,
841,NK2,0,m,J,67.2,182,91,14.2,1.03,13.17,1.64,2.41,4.05,3.39,7.44,13.84,10.06,48.7,2.18,2780,16.72,,
842,LK,0,f,J,60,186,95,17.25,5.01,12.24,1.81,2.6,4.43,3.79,8.22,11.1,9.21,43.9,1.5,1700,15.95,,
848,LK,0,f,J,60.4,180,91,13.96,2.64,11.32,1.7,2.51,4.22,3.68,7.92,12.84,9.11,37,1.09,2520,15.56,7,
849,LK,0,f,J,61,167,89,15.64,3.02,12.62,1.98,2.75,4.73,3.86,8.59,11.6,8.23,40,1.82,2050,14.3,3,2
851,LK,1,f,J,63.4,180.5,94,15.39,3.64,11.75,,,,3.84,,12.3,6.71,,1.18,,15.21,1,
853,LK,0,f,J,65.4,173,90,16.63,3.83,12.8,1.96,2.62,4.59,3.8,8.39,12.3,8.33,39.4,1.6,2350,15.1,,15
856,LK,0,f,J,59.6,172,88,14.72,2.64,12.09,1.71,2.44,4.2,3.56,7.76,11.3,,46.6,1.62,2020,13.17,9,1
857,NK2,2,m,J,82.8,184.6,96.6,15.83,2.81,13.02,,,4.29,3.24,7.53,16.04,,55.2,1.82,,,,4
859,LK,0,f,J,52,166,91,14.41,2.36,12.05,1.84,2.52,4.36,3.65,8.04,11.03,6.89,40.4,1.8,,14.92,,
860,LK,1,f,J,60,170,90,15.69,3.2,12.49,1.84,2.49,4.33,3.61,7.94,13.19,7.04,43.9,1.57,,15.05,,
861,LK,0,f,J,52.8,170,90,15.11,2.85,12.26,1.8,2.61,4.41,3.67,8.08,12.1,9.58,41.6,2.1,2100,16.14,12,
865,LK,0,m,J,65,182,95,14.97,1.91,13.05,1.69,2.25,3.94,3.08,7.02,13.17,10.67,47.58,2.74,2700,17.85,8,
868,LK,0,f,J,57.55,176.4,88,13.77,2.25,11.52,1.88,2.62,4.5,3.66,8.16,13.06,8.53,36.7,1.31,2105,13.75,5,1
871,LK,1,f,J,59.8,168,92.2,16.26,3.56,12.7,1.76,2.56,4.32,3.76,8.08,11.44,6.18,,1.35,,13.68,,20
872,NK1,3,m,J,64.7,182.9,93.6,15.67,2.09,13.57,1.67,2.24,3.91,3.19,7.12,13.67,,51.3,2.25,,19.92,15,
873,LK,0,f,J,58.3,166,98,15.53,3.38,12.14,1.76,2.51,4.27,3.58,7.85,12.36,9.04,39,1.64,2700,15.01,12,
875,LK,0,m,J,69.9,179,93,14.71,1.59,13.12,1.68,2.31,3.99,3.29,7.29,13.5,9.78,37.7,1.76,2570,17.02,,
881,LK,1,m,J,61.5,171,90,15.47,1.53,13.95,,,3.79,3.15,6.94,14.63,,,2.23,2570,17.81,,
882,NK2,2,f,J,62.2,183,92.4,16.05,4.02,12.03,,,,,,14.28,,45,1.71,,,,14.5
883,LK,0,f,J,50.2,166,88,14.09,2.02,12.07,1.91,2.62,4.53,3.69,8.22,11.19,8.25,41.7,1.57,2400,14.15,5,
884,LK,1,m,J,72.5,178,93,18.83,3.82,15.02,1.6,2.23,3.97,3.33,7.3,13.22,9.93,44.9,1.65,2600,16.8,12,13
885,LK,0,f,J,58.3,169,89,15.63,3.07,12.56,1.89,2.74,4.63,3.97,8.6,10.48,8.48,37.9,1.5,2526,14.88,,
886,LK,0,f,J,60.2,178,94,15.38,3.54,11.84,,,,,,12.56,,,,,,6,
888,NK2,0,f,J,52,174.5,90,15.7,3.35,12.35,1.7,2.45,4.16,3.45,7.64,11.55,9.56,45.8,2.71,2300,16.04,,5
892,LK,0,f,J,63,168.6,87.9,16.24,3.34,12.91,1.94,2.59,4.53,3.77,8.3,12.28,9.21,41.4,1.7,,15.34,,
893,NK1,3,m,J,77.3,184.5,95.1,15.52,2.37,13.15,,,4.09,3.27,7.36,15.21,,52.9,2.11,,,,19.5
894,LK,0,m,J,68.8,179,91,15.51,1.73,13.78,2.17,2.41,4.6,3.41,8.04,13.4,8.83,42.1,1.68,2800,16.35,,16
895,LK,1,f,J,65.7,170,90,18.52,4.71,13.81,1.77,2.49,4.26,3.53,7.79,,10.79,53.7,2.09,,17.18,25,
896,LK,0,m,J,67.8,184,94,15.09,1.88,13.21,1.72,2.4,4.12,3.48,7.6,13.2,9.79,55.2,1.76,2520,17.15,7,
897,LK,1,m,J,84.25,182.5,96,16.89,3.34,13.55,1.48,2.24,3.72,3.11,6.83,17.12,10.7,63.5,2.12,2600,17.46,13,4
899,LK,0,m,J,71.6,180,94,15.4,2.11,13.29,1.66,2.15,3.81,3.19,7,17.05,8.57,62.87,2.48,2850,18.27,,31
901,LK,0,f,J,56.8,174,91,15.1,3.06,12.04,,,,,,,,41.3,1.8,,,,
902,LK,0,f,J,54.7,161,87,14.61,2.13,12.48,1.9,2.83,4.73,4.11,8.84,9.67,7.72,33.4,1.41,2280,13.85,18,
903,LK,0,f,J,57.4,173,90,14.95,2.89,12.06,1.84,2.8,4.65,4.13,8.78,11.24,7.75,27,1.11,2590,13.43,1,16
907,LK,0,f,J,55.3,172,89,14.3,2.43,11.87,1.77,2.53,4.3,3.65,7.95,11.71,9.05,45,1.61,2590,15.55,10,
908,LK,0,m,J,62.9,174,86,15.19,0.85,14.35,1.58,2.31,3.89,3.29,7.18,12.53,7.19,54.2,1.37,2250,15.68,6,
909,LK,0,m,J,81.7,196,105.5,14.75,3.32,11.44,1.7,2.25,3.96,3.16,7.12,17.38,9.75,56.5,1.94,2730,16.53,3,
912,LK,0,f,J,57.4,172,92,15.22,3.11,12.11,1.71,2.63,4.37,3.85,8.22,11.87,8.4,42.2,1.65,2260,14.55,10,7
914,LK,0,f,J,55,169,87,14.54,2.36,12.18,1.68,2.56,4.24,3.56,7.8,13.1,9.94,46,1.87,2830,16.13,11,
915,NK2,0,f,J,57.3,163.4,85,14.29,1.96,12.33,1.8,2.56,4.36,3.69,8.05,11.76,9.69,45.9,1.58,2500,15.91,8,
916,LK,0,f,J,65.3,173,89,15.76,3.3,12.45,1.76,2.6,4.37,3.83,8.21,12.15,8.97,36,1.5,2190,15.08,6,
920,LK,0,f,J,49.7,175,87,14.42,2.46,11.95,1.83,2.6,4.43,3.96,8.39,10.2,6.85,34.2,1.39,2420,14.91,5,
924,LK,0,f,J,64.7,172,91,15.45,3.21,12.24,1.87,2.67,4.63,3.78,8.44,11.94,7.94,38.9,1.12,2150,14.55,6,
925,NK1,3,f,J,63.1,173.1,91.5,15.88,3.51,12.37,,,4.27,3.42,7.69,12.11,,44,2.31,,,,3
926,LK,1,m,J,60,186,97,15.92,2.63,13.29,1.68,2.27,3.95,3.21,7.16,13.42,8.02,55.4,2.45,,18.06,,
927,NK2,2,f,J,56.2,171.4,89.5,14.88,2.76,12.12,,,4.38,3.75,8.13,12.44,,36.9,1.42,,,,31
929,PK,4,f,J,66.9,182,92.4,15.76,3.82,11.94,1.85,2.6,4.45,3.71,8.16,12.2,,41.1,1.86,,16.75,11,
930,LK,0,f,J,61.3,180.5,92,13.6,2.51,11.09,1.82,2.64,4.46,3.96,8.42,11.15,8.4,41.3,1.39,,13.9,,
933,PK,4,f,J,46.2,160.9,84.3,15.82,2.56,13.26,,,4.24,3.62,7.86,11.21,,55.9,2.6,,,,25
936,PK,4,f,J,57.1,177,89,14.71,2.84,11.87,,,4.16,3.25,7.41,9.98,,,1.74,2280,15.7,,
937,LK,1,f,J,62.8,177,92,14.93,3.15,11.78,,,4.23,3.67,7.9,13,,,1.78,,14.16,,
939,NK2,0,f,J,57.9,167.3,87.3,15.83,3.02,12.81,1.76,2.46,4.22,3.52,7.75,13.29,6.93,41.1,2.24,2430,15.25,,4
941,NK2,2,f,J,55.1,169,91,13.9,2.21,11.7,,,3.99,3.29,7.28,12.86,,,2.39,2650,15.06,,
942,LK,1,f,J,67.3,181,95,15.65,3.87,11.78,,,4.23,3.67,7.9,12.3,,,1.8,2355,14,,
943,LK,0,f,J,59.6,179.5,96.5,14.29,3.08,11.2,1.78,2.58,4.37,3.63,8.01,12.03,8.86,43.26,1.65,2370,14.95,5,5
944,NK1,3,f,J,55.5,168,86,14.12,2.05,12.07,,,4.22,3.53,7.75,10.9,7.35,,1.62,2620,15.1,,
945,LK,0,f,J,53.4,169,85,14.15,2.03,12.12,1.74,2.55,4.29,3.59,7.88,11.2,8.62,44.5,1.97,2920,14.9,3,
947,LK,0,f,J,56.8,179.5,94.5,15.68,3.79,11.89,1.81,2.47,4.28,3.77,8.05,12.2,7.18,45.7,1.82,2300,15.13,4,
949,LK,0,f,J,60.5,164,88,15.83,2.96,12.87,,,,,,11.4,7.5,39.53,,2600,10.3,,7
954,NK1,3,m,J,70.1,181.5,95.4,15.42,2.28,13.14,,,3.94,3.31,7.25,,8.52,47.1,2.19,,,,17
956,LK,0,f,J,69.8,178,88,15.79,3.44,12.34,1.89,2.59,4.48,3.82,8.3,11.64,7.73,36.1,1.26,,14.34,,
957,NK2,2,m,J,74.85,185.3,96,15.75,2.58,13.17,,,4.23,3.22,7.45,15,,49.7,2.18,,,,13
958,LK,0,f,J,40,158,81.5,14.08,1.32,12.76,,,4.5,3.84,8.34,9.3,6.54,,1.86,2840,13.91,,
959,LK,0,f,J,52.9,178,91,15.69,3.54,12.15,1.95,2.7,4.65,3.87,8.52,9.8,7.62,39.7,1.61,2250,14.23,8,1
960,LK,0,f,J,55.2,170.5,93,15.88,3.48,12.41,1.84,2.74,4.59,3.91,8.5,9.95,9.16,37.18,2.03,2660,14.5,3,9
961,LK,0,m,J,61.2,186,98,14.28,1.86,12.42,1.79,2.36,4.15,3.3,7.45,11.53,,47.4,2.29,2700,14.74,,7
962,NK1,3,f,J,45.9,165,91,18.55,4.65,13.9,1.85,2.55,4.42,3.6,8.02,10.39,10.4,46.8,2.55,2480,16.8,15,
965,PK,4,m,J,69.9,186.5,97,18.75,4.31,14.44,1.53,2.1,3.63,2.86,6.49,15.58,12.1,63.7,3.11,2800,17.45,,10
968,NK2,0,f,J,50.6,173,87.5,15.76,3.18,12.58,1.69,2.47,4.16,3.53,7.72,11.36,8.71,42.5,1.54,2815,16.14,7,
974,LK,0,f,J,59.5,175.5,89.5,14.05,2.46,11.59,,,4.48,3.63,8.11,11.8,6.89,,1.66,2520,14.46,,
975,LK,0,m,J,78,185,97,14.35,1.99,12.36,1.69,2.47,4.16,3.43,7.59,15.25,7.38,44.9,1.52,2805,17.1,,12
979,LK,0,m,J,66,189,95,14.48,1.65,12.83,1.71,2.46,4.17,3.54,7.71,10.25,9.52,41.5,1.33,2350,15.76,,5
983,LK,0,f,J,67,168.3,92.1,15.08,2.96,12.12,1.84,2.66,4.58,3.84,8.46,11.87,7.41,39.5,1.46,,13.35,,
985,LK,0,f,J,63.2,168,91.5,15.75,3.26,12.49,,,,,,11.43,8.3,38.9,,2400,,9,
986,LK,0,f,J,57.3,157,81,14.08,1.46,12.62,1.9,2.64,4.56,3.81,8.37,12,7.33,36.3,1.73,2240,14.11,15,6
987,LK,0,f,J,49.5,173,91,15.14,3.02,12.13,1.71,2.47,4.18,3.65,7.83,10.06,8.72,43.3,1.88,2270,15.65,,11
988,LK,1,m,J,67.4,193,100,16.33,3.34,12.99,1.7,2.44,4.14,3.47,7.61,14.4,10.06,46.4,2.22,2875,16.4,,17
991,LK,0,m,J,65.5,191.5,94,15.78,2.18,13.61,1.64,2.47,4.11,3.58,7.69,13.08,9.55,48.7,1.88,2550,15.16,,
996,LK,0,f,J,62.5,170,92,15.94,3.46,12.48,1.79,2.75,4.54,4.11,8.65,10.94,7.73,40.13,1.2,2570,13.15,,12
997,LK,0,f,J,58.9,179,91,13.64,2.42,11.22,1.69,2.55,4.3,3.71,8.01,11.71,8.55,45.5,1.54,2210,15.14,3,
999,LK,0,f,J,56,168.5,90,14.73,2.6,12.12,,,4.51,3.8,8.31,12.4,6.51,,1.76,2800,14.45,,
1001,NK2,2,m,J,69.6,183.4,94,15.36,2.05,13.32,,,4.33,3.46,7.79,11.93,,48.7,1.71,,,,17
1003,NK1,3,m,J,63,173,90,15.38,1.49,13.89,1.65,2.26,3.91,3.22,7.13,,,,,,,20,
1005,LK,0,f,J,62.8,173,91,14.4,2.67,11.73,1.75,2.58,4.34,3.69,8.05,10.31,8.4,42.4,1.62,,14.52,,11.5
1010,LK,0,f,J,47.3,170,90,14.21,2.3,11.9,1.7,2.51,4.21,3.68,7.89,10.7,8.78,40.2,2.09,,16.35,22,
1013,LK,0,f,J,60.8,179,93,17.05,4.47,12.57,1.76,2.66,4.48,3.91,8.39,12.53,8.24,38.2,1.55,2400,14.64,,
1014,LK,0,f,J,55,163,86,15.32,2.52,12.8,1.89,2.6,4.49,3.68,8.17,11.3,,39.59,1.85,,,,
1017,LK,0,m,J,65.2,183,94,14.34,1.45,12.89,1.68,2.25,3.94,3.12,7.06,11.05,9.18,47.7,2,2700,17.39,13,3
1019,LK,0,f,J,61,171,89,14.07,2.31,11.76,1.83,2.62,4.45,3.72,8.17,11.65,8.69,37.2,1.64,2550,15.15,,
1021,LK,0,f,J,56.5,170,90,14.75,2.67,12.08,1.8,2.81,4.62,4.06,8.71,11.71,6.98,35.1,1.46,2400,12.38,,
1025,NK1,3,f,J,66,183,94,18.44,5.47,12.97,1.77,2.6,4.37,3.72,8.09,13.48,8.49,42,1.96,,15.43,,12
1032,LK,0,m,J,62,186,90,15.4,1.41,13.99,1.75,2.46,4.21,3.51,7.72,,,,,,,9,
1034,LK,1,f,J,54.2,174,90.8,15.71,3.39,12.32,1.75,2.6,4.38,3.85,8.25,10.37,6.82,,1.52,,14.16,,3
1035,LK,0,f,J,62,177,92,14.71,3.02,11.69,1.86,2.63,4.53,3.84,8.37,13.8,7.5,40.3,1.89,2570,13.75,,
1036,LK,0,f,J,67,168,93,16.53,3.77,12.76,1.86,2.57,4.44,3.5,7.94,11.2,8.45,40.7,1.42,2400,14.4,6,16
1039,LK,0,m,J,74.1,189,96,15.37,2.35,13.02,1.69,2.38,4.07,3.33,7.43,14.23,10.33,51,2.06,2460,18.05,7,
1040,LK,0,f,J,62,170.5,88,14.82,2.65,12.17,,,4.44,3.62,8.06,10.8,6.39,,1.87,2380,14.29,,
1041,NK1,3,m,J,82,190,97,18.16,4.1,14.06,,,,2.93,,19.85,,69.9,2.25,,,28,
1043,LK,0,m,J,60.8,180,93,15.7,1.99,13.71,1.69,2.46,4.15,3.57,7.76,11.76,10.43,56,1.56,2500,18.38,7,
1044,LK,1,f,J,53.9,171,91,17.85,4.49,13.36,,,,,,10.7,8.98,,,2470,14.6,9,
1045,LK,0,f,J,64.1,177,90,14.43,2.77,11.66,1.8,2.62,4.42,3.73,8.15,11.91,7.92,41.5,1.79,2510,14.36,3,
1046,LK,0,f,J,58.2,169,91,14,2.28,11.71,1.81,2.65,4.46,3.86,8.32,10.82,8.58,37.2,1.81,2500,14.73,,19
1049,LK,0,f,J,51.8,170.5,89,13.77,2.06,11.71,1.66,2.5,4.17,3.56,7.77,10.93,8.99,37.21,1.88,2490,15.63,7,
1053,NK1,3,m,J,65.1,180,95,15.64,2.29,13.35,1.61,2.19,3.8,3.11,6.91,16.1,,72.5,2.75,,17.93,15,
1057,LK,0,f,J,66,180,91,15.62,3.59,12.03,1.78,2.69,4.38,3.74,8.12,14.11,9.3,39.6,1.58,2770,15.6,5,
1059,NK2,2,m,J,63.6,179.9,96.3,15.5,2.37,13.13,,,4.18,3.29,7.47,14.68,,50.1,2.51,,,,10
1062,LK,0,m,J,56.7,172.5,88,15.07,0.98,14.09,1.57,2.35,3.92,3.27,7.2,13.25,9.72,54.5,2.07,3010,16.8,,17
1065,LK,0,f,J,51,169,89,15.04,2.71,12.33,1.84,2.55,4.39,3.71,8.1,,9.12,39,1.78,2500,15.83,14,
1071,LK,0,m,J,66.6,183,94,14.38,1.49,12.89,1.61,2.38,4,3.39,7.39,12.03,9.49,45.9,1.83,2820,15.6,2,
1074,LK,1,f,J,62.9,180.1,92.9,16.09,3.96,12.13,1.97,2.97,4.94,4.44,9.38,10.36,6.11,,1.22,,12.88,,4
1075,LK,1,m,J,60,186,96,15.88,2.47,13.41,1.66,2.38,4.07,3.39,7.46,13.54,6.98,48.1,1.82,,16.41,,
1078,NK1,3,f,J,65.3,173,90,15.65,3.3,12.35,,,4.11,3.48,7.59,13.3,,,1.97,2450,14.75,,
1079,NK2,2,f,J,59,172.4,90.8,15.63,3.3,12.34,,,4.39,3.65,8.04,13.27,,43.3,2.15,,,,8
1080,LK,0,f,J,55,168,88,14.58,2.39,12.18,1.59,2.53,4.15,3.61,7.77,11.29,7.85,41,1.7,2930,14.21,18,
1081,LK,1,f,J,69.9,180,94,17.44,4.77,12.67,1.79,2.6,4.39,3.77,8.16,12.35,8.61,42.2,1.97,2200,15.18,,3
1082,NK2,0,m,J,67.3,184,97,14.77,2.09,12.68,1.68,2.42,4.1,3.42,7.51,,9.63,55.9,2.41,2910,16.05,17,
1084,LK,0,f,J,53.1,168,90,15.79,3.16,12.63,1.7,2.6,4.3,3.82,8.14,10.98,9.11,35,1.43,2700,15.58,7,
1086,LK,0,f,J,59,168,88,15.92,3.14,12.78,1.86,2.66,4.52,3.89,8.41,11.2,,39.35,1.52,,,20,
1087,LK,0,f,J,55.8,170.5,87.5,14.13,2.22,11.92,1.85,2.58,4.43,3.68,8.11,9.4,8.21,42.4,1.41,2720,14.3,3,
1089,LK,0,f,J,42.8,161.5,85,13.98,1.59,12.39,1.85,2.92,4.77,4.36,9.13,8.6,7.26,27.89,1.36,2300,13.82,5,8
1090,LK,0,f,J,64.7,166,88,15.14,2.69,12.45,1.81,2.59,4.42,3.75,8.18,11.55,8.73,37.5,2.04,2450,14.3,,10
1093,LK,0,f,J,57,177,94,15.73,3.7,12.04,1.85,2.63,4.48,3.81,8.29,11.79,9.4,39,1.53,2530,15.9,4,
1094,LK,0,f,J,67.5,178.5,92.5,17.65,4.74,12.91,,,,,,13.97,,47.8,,2520,,13,
1099,LK,0,f,J,65.2,180.5,92.2,15.46,3.59,11.88,1.85,2.55,4.4,3.67,8.07,12,8.55,39.4,,2530,15.5,4,
1102,LK,0,f,J,64.1,171,91,14.25,2.53,11.72,1.71,2.55,4.26,3.73,8,11.3,7.31,43.1,1.57,2410,14.25,3,6.5
1105,NK1,3,m,J,71.1,181,88,16.64,1.87,14.77,1.71,2.29,4,3.22,7.23,15.05,12.63,58.4,2.15,,19.6,14,11
1106,LK,0,m,J,53,176,88,14.43,0.6,13.83,1.76,2.54,4.3,3.73,8.03,11.2,8.05,50,1.79,,15.46,12,2
1108,LK,1,f,J,66.5,166,87,17.28,3.73,13.55,,,,,,14.85,,54.2,2.11,2600,16.85,23,
1109,LK,0,f,J,54.4,163,84.5,17.05,3.34,13.72,1.75,2.59,4.34,3.87,8.21,12,7.39,41,1.49,,13.81,20,
1112,LK,0,f,J,63.4,170,92,15.2,3.06,12.14,1.74,2.47,4.24,3.61,7.86,12.77,8.81,45,1.92,2215,14.93,6,
1113,LK,0,f,J,59.7,172.5,90,13.95,2.34,11.61,1.88,2.69,4.57,3.88,8.48,9.86,7.64,34,1.37,2660,13.1,4,
1115,NK2,0,m,J,56,164,89,13.91,0.55,13.36,1.69,2.5,4.2,3.54,7.74,11.15,8.23,53.7,2.18,2500,15.68,,16.5
1116,LK,0,f,J,57.5,171,91,15.09,2.95,12.14,1.73,2.52,4.25,3.74,7.99,11.15,8.18,42.7,2.07,2460,13.79,,6
1121,LK,1,m,J,65,180,93,16.33,2.38,13.95,1.72,2.38,4.1,3.47,7.57,13.66,8.45,52.8,2.21,,19.15,,
1122,LK,0,f,J,66.5,172.5,88,14.59,2.62,11.97,1.91,2.84,4.75,4.03,8.78,12.88,7.56,39.5,1.28,2570,13.48,16,
1123,LK,0,m,J,66.9,180.5,93.5,17.22,2.95,14.28,1.62,2.28,3.9,3.21,7.11,14.4,10.15,56.7,2.13,2600,18.03,,9
1124,LK,0,f,J,41.6,156,80,13.91,1.11,12.8,1.91,2.92,4.83,4.27,9.1,5.67,5.05,28.4,1.26,3150,12.03,5,
1126,LK,0,f,J,64,174,94,15.68,3.57,12.11,1.8,2.63,4.43,3.72,8.16,11.45,8.29,38.7,1.7,2430,14.8,,5
1127,LK,0,m,J,58.8,178,92,15.61,1.79,13.81,1.7,2.38,4.11,3.37,7.48,11.1,9.8,40,1.94,,17.1,7,
1128,PK,4,m,J,73,194,95,15.6,2.3,13.3,1.73,2.36,4.1,3.36,7.48,13.85,10.5,46.8,1.97,2870,17.99,,21
1130,NK1,3,f,J,60.15,182,93,16.57,4.32,12.25,1.87,2.78,4.67,3.97,8.64,11.57,7.59,35.2,1.53,2530,15.07,11,1
1131,NK1,3,m,J,43.3,164,80,14.65,-0.4,15.05,1.77,2.83,4.61,4.03,8.64,6.48,7.53,34.2,0.97,3315,14.29,,
1132,LK,0,f,J,62.1,174,89,14.99,2.92,12.08,1.87,2.62,4.49,3.67,8.16,12.16,8.93,37.3,1.24,2400,15.46,10,
1136,LK,0,f,J,66.2,178,94,17,4.46,12.55,1.9,2.53,4.43,3.68,8.13,11.74,9.3,39.8,1.55,2600,15.34,7,
1138,LK,0,f,J,54.7,163,87,14.78,2.28,12.5,1.74,2.67,4.41,3.92,8.33,10.35,8.19,34.7,1.19,,13.8,,
1145,LK,0,m,J,63.7,183,93,14.34,1.3,13.03,1.7,2.53,4.23,3.67,7.92,11.8,8.92,39.7,1.67,3050,15.05,16,
1146,LK,0,f,J,57.1,182,94,14.38,3.09,11.29,1.78,2.93,4.71,4.18,8.89,8.21,8.45,34.6,0.85,2825,12.86,,
1150,LK,1,f,J,67.7,179,93,17.46,4.69,12.78,1.76,2.53,4.29,3.7,7.99,12.92,8.8,46.7,1.92,,15.82,,7
1151,LK,0,f,J,60.8,173,90,13.88,2.32,11.56,1.79,2.66,4.45,3.91,8.36,10.84,8.1,35,1.26,2520,13.94,,4
1154,LK,0,f,J,60,177,92.5,14.95,3.17,11.77,1.74,2.57,4.31,3.75,8.06,10.74,8.73,38.7,1.72,2450,15.28,5,5
1156,NK1,3,f,J,62.7,171.3,90.3,15.36,3.1,12.27,1.73,2.54,4.3,3.59,8,13.33,8.58,41,1.52,2700,14.9,24,
1157,LK,0,f,J,67.1,180,90,14.55,2.95,11.6,1.72,2.52,4.24,3.62,7.86,14.11,8.79,46.1,1.51,2215,15.15,5,
1158,LK,0,f,J,56.5,175,89,15.59,3.26,12.33,,,,,,11.9,8.7,35,1.25,2550,13.3,1,
1159,NK2,2,f,J,59,179,91.9,16.7,4.21,12.49,1.78,2.38,4.16,3.34,7.5,11.88,7.79,,2.17,,15.28,,5
1161,NK1,3,m,J,65.2,180.7,93.8,15.81,2.22,13.6,1.69,2.18,3.87,2.97,6.84,15.01,11.25,61.8,2.39,2860,18.91,19,
1162,LK,1,m,J,69,173.5,93,18.3,3.53,14.76,,,,3.01,,16.37,8.77,61,2.8,,19.35,30,
1165,LK,0,f,J,53.4,166,86,15.71,2.82,12.89,,,4.11,3.43,7.54,12.67,7.2,41.62,1.57,2450,,,
1166,LK,0,m,J,65.6,180,91,14.72,1.28,13.44,1.68,2.34,4.04,3.27,7.32,14.25,10.46,60,1.9,3175,17.38,14,
1168,LK,0,f,J,47.7,155.8,79.5,14.41,1.41,13.01,1.91,2.73,4.64,3.99,8.63,8.54,6.6,38.2,1.27,2500,12.75,,17
1170,LK,0,m,J,63,178,92,15.16,1.62,13.55,1.65,2.42,4.08,3.45,7.54,11.96,9.83,42,1.4,2750,17,6,
1172,NK1,3,f,J,44.1,163,81.5,14.62,1.82,12.8,1.81,2.58,4.38,3.65,8.03,11.36,8.57,39.5,1.02,2500,15.15,7,
1173,NK1,3,m,J,74,192,99,15.65,2.9,12.75,1.72,2.44,4.18,3.41,7.58,13.66,9.2,57.4,1.51,,,11,
1176,LK,1,f,J,59,168,88,15.07,2.69,12.39,1.83,2.38,4.23,3.39,7.62,13,7.04,45.8,2.05,,15.45,,
1177,LK,1,f,J,64,173,89,17.26,4.1,13.16,1.77,,,,7.64,13.2,9.18,51.92,1.9,,14.75,,
1179,NK2,2,m,J,65,184.6,99.6,15.09,2.58,12.52,,,4.07,3.26,7.33,13.55,,49.4,2.39,,,,22
1180,LK,0,f,J,49.5,173,89,13.92,2.21,11.71,1.83,2.82,4.65,4.13,8.78,10.15,7.45,35.76,1.49,2170,13.49,2,2
1184,PK,4,m,J,74.8,188,97,16.49,3.11,13.38,1.5,2.18,3.68,2.96,6.64,16.02,11.13,63,2.6,3045,19.06,,17
1189,NK2,0,f,J,59.6,174.2,91.8,15.23,3.2,12.04,1.72,2.47,4.23,3.65,7.89,12.84,9.65,49.4,2.07,2280,16.28,,22.5
1198,LK,0,f,J,58.6,174,89,14.62,2.7,11.92,1.86,2.57,4.43,3.67,8.1,13.85,8.7,37,1.27,2730,15.17,4,
1199,LK,0,f,J,54.1,164.5,86.8,15.75,2.84,12.91,1.81,2.54,4.35,3.66,8.01,11.18,8.01,39.8,1.16,2650,13,17,
1200,NK2,0,f,J,64.7,165,92,14.41,2.48,11.92,1.72,2.59,4.31,3.79,8.1,12.35,8.7,41.5,2.38,2200,16.15,2,10
1202,NK2,2,m,J,72.2,187.8,95.7,15.3,2.25,13.05,,,,,,15.03,,50.7,1.77,,,,23
1203,LK,0,f,J,61.5,175,93,15.06,3.2,11.86,2.03,2.63,4.67,3.75,8.42,11.96,8.8,38.3,1.63,2380,15.3,15,
1204,LK,0,f,J,61.8,165,89,14.75,2.49,12.26,1.77,2.74,4.51,3.96,8.47,11.9,8.54,42.9,1.75,2650,14.63,8,8
1210,LK,0,f,J,56.9,176,94,15.02,3.25,11.77,1.78,2.63,4.41,3.8,8.26,11.99,8.5,37,1.52,2610,14.9,20,
1211,LK,1,f,J,57.8,170,89,18.03,4.41,13.62,1.74,2.49,4.23,3.55,7.81,12.88,9.66,46.1,1.99,2200,15.97,25,
1213,NK2,2,m,J,77.5,191.7,99.6,15.63,3.01,12.61,,,4.03,3.16,7.19,15.52,,54.7,2.08,,,,15.5
1214,PK,4,f,J,57.6,169,90.9,15.24,2.96,12.28,,,4.28,3.43,7.71,,7.16,45.6,2.23,,,,23
1215,LK,0,m,J,61.4,185.5,96,14.45,1.71,12.74,1.72,2.3,4.02,3.48,7.5,12.9,7.68,44.6,1.3,2570,,8,
1220,LK,1,m,J,67.5,171,91,16.9,2.49,14.41,,,,,,14.4,8.85,49,,2850,10.6,,12
1221,LK,0,f,J,55,165,88,14.62,2.32,12.3,1.88,2.71,4.59,3.91,8.5,8.95,6.15,33.1,2.31,2080,13.66,4,4
1224,LK,0,f,J,55.2,171,93,14.72,2.84,11.89,1.91,2.7,4.63,3.95,8.58,10.15,7.34,42.6,1.63,,13.23,13,
1226,LK,0,m,J,73.05,186,94,16.68,2.77,13.91,1.68,2.28,3.96,3.22,7.19,16.48,10.26,54.5,2.1,2690,17.31,9,1
1227,NK1,3,f,J,55.1,172.5,90.7,15.81,3.38,12.43,,,4.17,3.46,7.63,,6.73,44.4,2.04,,,,
1228,LK,1,m,J,67,179,96,15.24,2.23,13.01,,,,3.22,,16.48,7.86,,0.99,,17.83,11,
1229,LK,0,f,J,51.4,169,84,12.97,1.33,11.65,1.75,2.6,4.35,3.8,8.15,11.05,8.38,37.7,1.43,2535,14.45,10,
1231,LK,0,m,J,70.2,185,97,15.33,2.43,12.9,1.72,2.4,4.12,3.38,7.5,14.77,10.16,56.3,1.94,2830,16.62,,8
1232,LK,0,f,J,56.5,166,86,14.14,2,12.13,1.74,2.61,4.35,3.76,8.11,12.02,8.82,34.22,1.98,2630,14.85,28,
1233,LK,0,f,J,57.7,168,87,16.4,3.33,13.07,1.83,2.55,4.38,3.51,7.89,10.6,8.58,40.1,2.11,2350,15.25,4,5
1234,LK,0,m,J,64.3,180,96,14.03,1.53,12.51,1.69,2.52,4.21,3.59,7.8,11.05,8.37,43.4,1.87,3230,15.46,9,9
1237,LK,0,m,J,58,180,89,15.23,1.17,14.06,1.67,2.41,4.08,3.42,7.54,13.05,10.04,50.7,2.28,2660,17.81,,12
1238,LK,0,f,J,59.4,167.8,89.7,17.23,3.93,13.3,1.96,2.47,4.43,3.43,7.87,12.57,8.61,45.6,1.93,2510,14.82,22,
1240,PK,4,m,J,61.5,178.8,94.1,15.78,2.21,13.58,,,3.89,3.28,7.17,14.02,,54,1.97,,,,30.5
1243,LK,0,m,J,77.2,186,98,15.81,2.92,12.89,1.74,,,,7.38,14.9,9.46,47.94,1.82,2690,17.33,12,
1244,LK,0,f,J,62,173.5,86.5,13.8,2.13,11.67,1.69,2.47,4.16,3.46,7.62,11.4,8.55,45.5,1.79,2310,15.64,,
1246,NK1,3,f,J,55,165.4,90.4,15.03,2.68,12.35,,,4.38,3.72,8.1,11.21,,38.7,1.83,,,,20
1247,NK2,2,m,J,75,188.7,96.5,15.43,2.46,12.96,,,3.98,3.13,7.11,15.85,,65.3,1.83,,,,8.5
